Player,PlayerID,Year,League,Division,Team,Playoff,Age,GS,ERA,RunSupport,WinPct,Wins,Losses,Decisions,IP,ERA+,FIP,TeamWins,TeamLosses,TWpct,LeagueAvgRS,PredWpct,PredWins,Diff,ProjectedFull
A.J Griffin,1,2016,AL,West,TEX,1,28,23,5.07,5.58,0.636,7,4,11,119,90,5.74,16,7,0.696,4.51,0.425916458,4.7,-2.3,13.6
A.J Griffin,2,2017,AL,West,TEX,0,29,15,5.94,6.43,0.5,6,6,12,77.1,81,6.26,8,7,0.533,4.74,0.353379697,4.2,-1.8,11.3
Aaron Blair,3,2016,NL,East,ATL,0,24,15,7.59,4.43,0.222,2,7,9,70,55,6.15,4,11,0.267,4.51,0.188058175,1.7,-0.3,6
Aaron Nola,4,2016,NL,East,PHI,0,23,27,3.54,3.85,0.522,12,11,23,212.1,173,3.01,22,11,0.667,4.51,0.570330415,13.1,1.1,18.3
Aaron Nola,5,2017,NL,East,PHI,0,24,27,3.54,4.9,0.522,12,11,23,168,122,3.27,13,14,0.481,4.74,0.589317374,13.6,1.6,18.9
Aaron Nola,6,2018,NL,East,PHI,0,25,33,2.37,3.82,0.739,17,6,23,168,122,3.27,8,12,0.4,4.49,0.67302158,15.5,-1.5,21.5
Aaron Sanchez,7,2016,AL,East,TOR,2,24,30,3,4.88,0.882,15,2,17,192,142,3.55,18,12,0.6,4.51,0.621300047,10.6,-4.4,19.9
Aaron Sanchez,8,2018,AL,East,TOR,0,25,20,4.89,4.66,0.4,4,6,10,105,86,4.74,10,10,0.5,4.49,0.426153075,4.3,0.3,13.6
Adalberto Meija,9,2017,AL,Central,MIN,1,24,21,4.5,4.65,0.364,4,7,11,98,99,4.65,9,12,0.429,4.74,0.494942303,5.4,1.4,15.8
Adam Conley,10,2016,NL,East,MIA,0,26,25,3.85,4.34,0.571,8,6,14,102.2,65,5.62,9,11,0.45,4.51,0.541070071,7.6,-0.4,17.3
Adam Conley,11,2017,NL,East,MIA,0,27,20,6.14,5.37,0.5,8,8,16,133.1,102,4.2,14,11,0.56,4.74,0.333718224,5.3,-2.7,10.7
Adam Morgan,12,2016,NL,East,PHI,0,26,21,6.04,3.25,0.154,2,11,13,113.1,69,4.98,5,16,0.238,4.51,0.334359896,4.3,2.3,10.7
Adam Plutko,13,2018,AL,Central,CLE,1,26,12,5.28,4.82,0.444,4,5,9,76.2,83,6.1,6,6,0.5,4.49,0.387947234,3.5,-0.5,12.4
Adam Wainwright ,14,2016,NL,Central,STL,0,34,33,4.62,5.7,0.591,13,9,22,40.1,88,4.28,4,4,0.5,4.51,0.468391151,10.3,-2.7,15
Adam Wainwright ,15,2017,NL,Central,STL,0,35,23,5.11,5.83,0.706,12,5,17,123.1,83,4.29,15,8,0.652,4.74,0.43497481,7.4,-4.6,13.9
Adam Wainwright ,16,2018,NL,Central,STL,0,36,8,4.46,4.2,0.333,2,4,6,198.2,88,3.93,22,11,0.667,4.49,0.468277462,2.8,0.8,15
Albert Suarez,17,2016,NL,West,SFG,2,26,12,4.29,3.74,0.375,3,5,8,84,94,4.63,3,9,0.25,4.51,0.499539259,4,1,16
Alex Cobb,18,2018,AL,East,BAL,0,30,28,4.9,3.69,0.25,5,15,20,152.1,87,4.8,7,20,0.259,4.49,0.425173438,8.5,3.5,13.6
Alex Cobb,19,2017,AL,East,TBR,0,29,29,3.66,4.09,0.545,12,10,22,179.1,115,4.16,15,14,0.517,4.74,0.57752049,12.7,0.7,18.5
Alex Meyer,20,2017,AL,West,LAA,0,27,13,3.74,4.53,0.444,4,5,9,67.1,114,4.14,5,8,0.385,4.74,0.569655901,5.1,1.1,18.2
Alex Wood,21,2016,NL,West,LAD,1,25,10,3.73,3.47,0.2,1,4,5,151.2,107,3.53,13,14,0.481,4.51,0.552396656,2.8,1.8,17.7
Alex Wood,22,2017,NL,West,LAD,1,26,25,2.72,5.86,0.842,16,3,19,152.1,152,3.32,18,7,0.72,4.74,0.669929414,12.7,-3.3,21.4
Alex Wood,23,2018,NL,West,LAD,1,27,27,3.68,4.8,0.563,9,7,16,60.1,108,3.18,3,7,0.3,4.49,0.544689143,8.7,-0.3,17.4
Alfredo Simon,24,2016,NL,Central,CIN,0,35,11,9.36,4.68,0.222,2,7,9,58.2,46,7.13,3,8,0.273,4.51,0.020991048,0.2,-1.8,0.7
Amir Garrett,25,2017,NL,Central,CIN,0,25,14,7.39,4.87,0.273,3,8,11,70.2,61,7.39,4,10,0.286,4.74,0.210834017,2.3,-0.7,6.7
Andrew Cashner,26,2018,AL,East,BAL,0,31,28,5.29,3.47,0.211,4,15,19,153,81,5.32,8,20,0.286,4.49,0.386967598,7.4,3.4,12.4
Andrew Cashner,27,2017,AL,West,TEX,0,30,28,3.4,4.27,0.5,11,11,22,166.2,142,4.61,14,14,0.5,4.74,0.603080405,13.3,2.3,19.3
Andrew Heaney,28,2018,AL,West,LAA,0,27,30,4.15,4.25,0.474,9,10,19,180,101,3.99,15,15,0.5,4.49,0.498646207,9.5,0.5,16
Andrew Suarez ,29,2018,NL,West,SFG,0,25,29,4.49,3.45,0.35,7,13,20,160.1,85,4.3,12,17,0.414,4.49,0.465338552,9.3,2.3,14.9
Andrew Triggs,30,2017,AL,West,OAK,0,28,12,4.27,4.2,0.455,5,6,11,65.1,98,4.47,6,6,0.5,4.74,0.517552997,5.7,0.7,16.6
Anibal Sanchez,31,2018,NL,East,ATL,1,34,24,2.83,3.59,0.538,7,6,13,136.2,146,3.62,13,11,0.542,4.49,0.627958281,8.2,1.2,20.1
Anibal Sanchez,32,2016,AL,Central,DET,0,32,26,5.87,4.54,0.35,7,13,20,153.1,73,5.06,8,18,0.308,4.51,0.350405892,7,0,11.2
Anibal Sanchez,33,2017,AL,Central,DET,0,33,17,6.41,4.22,0.3,3,7,10,105.1,70,5.33,7,10,0.412,4.74,0.307175235,3.1,0.1,9.8
Anthony DeSclafani,34,2016,NL,Central,CIN,0,26,20,3.28,4.2,0.643,9,5,14,115,86,4.83,11,10,0.524,4.51,0.594871349,8.3,-0.7,19
Anthony DeSclafani,35,2018,NL,Central,CIN,0,28,21,4.93,5.17,0.467,7,8,15,123.1,130,3.96,11,9,0.55,4.49,0.422234527,6.3,-0.7,13.5
Antonio Senzatela ,36,2017,NL,West,COL,2,22,20,4.68,6.38,0.667,10,5,15,90.1,110,4.17,7,6,0.538,4.74,0.477246978,7.2,-2.8,15.3
Antonio Senzatela ,37,2018,NL,West,COL,2,23,13,4.38,3.95,0.5,6,6,12,134.2,108,4.52,12,8,0.6,4.49,0.476114558,5.7,-0.3,15.2
Archie Bradley,38,2016,NL,West,ARI,0,23,26,5.02,5.77,0.471,8,9,17,141.2,89,4.1,13,13,0.5,4.51,0.430635868,7.3,-0.7,13.8
Ariel Miranda,39,2017,AL,West,SEA,0,28,29,5.12,4.88,0.533,8,7,15,160,81,5.73,15,14,0.517,4.74,0.433991737,6.5,-1.5,13.9
Austin Gomber ,40,2018,NL,Central,STL,0,24,11,4.44,6.73,0.75,6,2,8,75,88,4.03,8,3,0.727,4.49,0.470236736,3.8,-2.2,15
Bartolo Colon,41,2016,NL,East,NYM,0,43,33,3.43,4.21,0.652,15,8,23,191.2,117,3.99,20,13,0.606,4.51,0.580713118,13.4,-1.6,18.6
Bartolo Colon,42,2018,AL,West,TEX,0,45,24,5.78,4.27,0.368,7,12,19,146.1,81,5.47,10,14,0.417,4.49,0.338965388,6.4,-0.6,10.8
Bartolo Colon,43,2017,AL,Central,MIN,1,44,15,5.18,4.92,0.455,5,6,11,80,86,5.31,12,16,0.429,4.74,0.428093295,4.7,-0.3,13.7
Ben Lively,44,2017,NL,East,PHI,0,25,15,4.26,3.44,0.364,4,7,11,88.2,101,4.97,6,9,0.4,4.74,0.518536071,5.7,1.7,16.6
Blaine Hardy,45,2018,AL,Central,DET,0,31,13,3.56,2.77,0.444,4,5,9,86,124,3.97,5,8,0.385,4.49,0.556444786,5,1,17.8
Blake Snell,46,2016,AL,East,TBR,0,23,19,3.54,4.39,0.429,6,8,14,89,113,3.39,7,12,0.368,4.51,0.570330415,8,2,18.3
Blake Snell,47,2017,AL,East,TBR,0,24,24,4.04,4.07,0.417,5,7,12,129.1,104,4.19,11,13,0.458,4.74,0.540163691,6.5,1.5,17.3
Blake Snell,48,2018,AL,East,TBR,0,25,31,1.89,4.68,0.808,21,5,26,180.2,222,2.95,22,9,0.71,4.49,0.720044152,18.7,-2.3,23
Brad Peacock,49,2017,AL,West,HOU,1,29,21,3,7.69,0.867,13,2,15,132,136,3.07,15,6,0.714,4.74,0.642403351,9.6,-3.4,20.6
Braden Shipley,50,2016,NL,West,ARI,0,24,11,5.27,4.01,0.444,4,5,9,70,85,5.76,6,5,0.545,4.51,0.407038816,3.7,-0.3,13
Brandon Finnegan,51,2016,NL,Central,CIN,0,23,31,3.98,4.49,0.476,10,11,21,172,107,5.19,12,19,0.387,4.51,0.528799604,11.1,1.1,16.9
Brandon McCarthy,52,2018,NL,East,ATL,1,34,15,4.92,5.39,0.667,6,3,9,78.2,84,4.79,8,7,0.533,4.49,0.423214164,3.8,-2.2,13.5
Brandon McCarthy,53,2017,NL,West,LAD,1,33,16,3.98,5.58,0.6,6,4,10,92.2,104,3.28,11,5,0.688,4.74,0.546062133,5.5,-0.5,17.5
Brent Suter,54,2018,NL,Central,MIL,1,28,18,4.44,5.54,0.533,8,7,15,81.2,129,3.75,9,5,0.643,4.49,0.470236736,7.1,-0.9,15
Brent Suter ,55,2017,NL,Central,MIL,0,27,14,3.42,4.5,0.6,3,2,5,101.1,93,4.49,9,9,0.5,4.74,0.601114258,3,0,19.2
Brett Anderson,56,2018,AL,West,OAK,2,30,17,4.48,4.23,0.444,4,5,9,80.1,92,4.17,8,9,0.471,4.49,0.466318189,4.2,0.2,14.9
Brian Johnson,57,2018,AL,East,BOS,1,27,13,4.17,6.77,0.444,4,5,9,99.1,106,4.68,9,4,0.692,4.49,0.496686933,4.5,0.5,15.9
Bronson Arroyo,58,2017,NL,Central,CIN,0,40,14,7.35,5.39,0.333,3,6,9,71,61,6.99,7,7,0.5,4.74,0.214766312,1.9,-1.1,6.9
Bryan Mitchell ,59,2018,NL,West,SDP,0,27,11,5.42,3.88,0.333,2,4,6,73,72,6.11,5,6,0.455,4.49,0.374232317,2.2,0.2,12
Buck Farmer,60,2017,AL,Central,DET,0,26,11,6.75,3.58,0.5,5,5,10,48,67,5.05,5,6,0.455,4.74,0.273750731,2.7,-2.3,8.8
Caleb Smith,61,2018,NL,East,MIA,0,25,16,4.19,3.5,0.455,5,6,11,77.1,90,3.96,9,7,0.563,4.49,0.494727659,5.4,0.4,15.8
Carlos Carrasco,62,2016,AL,Central,CLE,1,29,25,3.32,4.96,0.579,11,8,19,146.1,136,3.72,16,9,0.64,4.51,0.591095821,11.2,0.2,18.9
Carlos Carrasco,63,2017,AL,Central,CLE,1,30,32,3.29,6.2,0.75,18,6,24,200,139,3.1,24,8,0.75,4.74,0.613894215,14.7,-3.3,19.6
Carlos Carrasco,64,2018,AL,Central,CLE,1,31,30,3.38,5.19,0.63,17,10,27,192,129,2.94,18,12,0.6,4.49,0.57407825,15.5,-1.5,18.4
Carlos Martinez,65,2016,NL,Central,STL,0,24,31,3.04,5.13,0.64,16,9,25,118.2,126,3.53,10,8,0.556,4.51,0.617524519,15.4,-0.6,19.8
Carlos Martinez,66,2017,NL,Central,STL,0,25,32,3.64,4.94,0.522,12,11,23,205,116,3.91,17,15,0.531,4.74,0.579486638,13.3,1.3,18.5
Carlos Martinez,67,2018,NL,Central,STL,0,26,18,3.11,4.12,0.571,8,6,14,195.1,133,3.61,17,14,0.548,4.49,0.600528447,8.4,0.4,19.2
Carlos Rodon,68,2016,AL,Central,CWS,0,23,28,4.04,4.17,0.474,9,10,19,165,100,4.01,13,15,0.464,4.51,0.523136311,9.9,0.9,16.7
Carlos Rodon,69,2017,AL,Central,CWS,0,24,12,4.15,3.4,0.286,2,5,7,69.1,104,4.69,5,7,0.417,4.74,0.529349881,3.7,1.7,16.9
Carlos Rodon,70,2018,AL,Central,CWS,0,25,20,4.18,3.62,0.429,6,8,14,120.2,103,4.95,9,11,0.45,4.49,0.495707296,6.9,0.9,15.9
CC Sabathia,71,2016,AL,East,NYY,0,35,30,3.91,3.78,0.429,9,12,21,179.2,110,4.28,15,15,0.5,4.51,0.535406778,11.2,2.2,17.1
CC Sabathia,72,2017,AL,East,NYY,1,36,27,3.69,5.17,0.737,14,5,19,148.2,122,4.49,19,8,0.704,4.74,0.574571269,10.9,-3.1,18.4
CC Sabathia,73,2018,AL,East,NYY,1,37,29,3.65,5.09,0.563,9,7,16,153,116,4.16,16,13,0.552,4.49,0.547628053,8.8,-0.2,17.5
Chad Bettis,74,2016,NL,West,COL,0,27,32,4.79,5.93,0.636,14,8,22,120.1,94,5.07,11,9,0.55,4.51,0.452345156,10,-4,14.5
Chad Bettis,75,2018,NL,West,COL,2,29,20,5.01,5.07,0.714,5,2,7,186,101,4.26,21,11,0.656,4.49,0.414397431,2.9,-2.1,13.3
Chad Kuhl,76,2016,NL,Central,PIT,0,23,14,4.2,4.9,0.556,5,4,9,70.2,99,3.95,9,5,0.643,4.51,0.508034198,4.6,-0.4,16.3
Chad Kuhl ,77,2017,NL,Central,PIT,0,24,31,4.35,4.03,0.421,8,11,19,85,87,4.7,8,8,0.5,4.74,0.509688408,9.7,1.7,16.3
Chad Kuhl ,78,2018,NL,Central,PIT,0,25,16,4.55,4.59,0.5,5,5,10,157.1,98,4.24,12,19,0.387,4.49,0.45946073,4.6,-0.4,14.7
Charlie Morton,79,2017,AL,West,HOU,1,33,25,3.62,6.1,0.667,14,7,21,146.2,113,3.46,16,9,0.64,4.74,0.581452785,12.2,-1.8,18.6
Charlie Morton,80,2018,AL,West,HOU,1,34,30,3.13,5.2,0.833,15,3,18,167,130,3.59,18,12,0.6,4.49,0.598569174,10.8,-4.2,19.2
Chase Anderson,81,2016,NL,Central,MIL,0,28,30,4.39,4.67,0.45,9,11,20,158,105,5.22,16,14,0.533,4.51,0.490100439,9.8,0.8,15.7
Chase Anderson,82,2017,NL,Central,MIL,0,29,25,2.74,4.66,0.75,12,4,16,141.1,160,3.58,14,11,0.56,4.74,0.667963266,10.7,-1.3,21.4
Chase Anderson,83,2018,NL,Central,MIL,1,30,30,3.93,4.57,0.529,9,8,17,151.2,97,5.09,12,18,0.4,4.49,0.520198219,8.8,-0.2,16.6
Chris Archer,84,2016,AL,East,TBR,0,27,33,4.02,3.51,0.321,9,19,28,201.1,100,3.81,10,23,0.303,4.51,0.525024075,14.7,5.7,16.8
Chris Archer,85,2017,AL,East,TBR,0,28,34,4.07,4.57,0.455,10,12,22,201,103,3.4,17,17,0.5,4.74,0.53721447,11.8,1.8,17.2
Chris Sale,86,2017,AL,East,BOS,1,28,32,2.9,5.33,0.68,17,8,25,214.1,157,2.45,22,10,0.688,4.74,0.652234088,16.3,-0.7,20.9
Chris Sale,87,2018,AL,East,BOS,1,29,27,2.11,4.88,0.75,12,4,16,158,209,1.98,18,9,0.667,4.49,0.69849214,11.2,-0.8,22.4
Chris Sale,88,2016,AL,Central,CWS,0,27,32,3.34,4.66,0.63,17,10,27,226.2,121,3.46,18,14,0.563,4.51,0.589208056,15.9,-1.1,18.9
Chris Stratton ,89,2017,NL,West,SFG,0,26,10,3.68,4.15,0.5,4,4,8,145,75,4.48,14,12,0.538,4.74,0.575554343,4.6,0.6,18.4
Chris Stratton ,90,2018,NL,West,SFG,0,27,26,5.09,4.28,0.5,10,10,20,58.2,116,4.01,6,4,0.6,4.49,0.406560336,8.1,-1.9,13
Chris Tillman,91,2016,AL,East,BAL,2,28,30,3.77,4.37,0.727,16,6,22,172,114,4.23,22,8,0.733,4.51,0.548621127,12.1,-3.9,17.6
Chris Tillman,92,2017,AL,East,BAL,0,29,19,7.84,4.39,0.125,1,7,8,93,55,6.93,8,11,0.421,4.74,0.166595703,1.3,0.3,5.3
Chris Young,93,2016,AL,Central,KCR,0,37,13,6.19,2.9,0.25,3,9,12,88.2,70,6.62,5,8,0.385,4.51,0.320201665,3.8,0.8,10.2
Christian Friedrich,94,2016,NL,West,SDP,0,28,23,4.8,4.7,0.294,5,12,17,129.1,83,4.16,8,15,0.348,4.51,0.451401274,7.7,2.7,14.4
Clay Buchholz,95,2016,AL,East,BOS,1,31,21,4.78,4.6,0.444,8,10,18,139.1,94,5.06,9,12,0.429,4.51,0.453289038,8.2,0.2,14.5
Clay Buchholz ,96,2018,NL,West,ARI,0,33,16,2.01,4.31,0.778,7,2,9,98.1,209,3.47,8,8,0.5,4.49,0.708288509,6.4,-0.6,22.7
Clayton Kershaw,97,2016,NL,West,LAD,1,28,21,1.69,4.35,0.75,12,4,16,161.1,143,3.19,16,10,0.615,4.51,0.744948599,11.9,-0.1,23.8
Clayton Kershaw,98,2017,NL,West,LAD,1,29,27,2.31,4.84,0.818,18,4,22,175,179,3.07,23,4,0.852,4.74,0.710235434,15.6,-2.4,22.7
Clayton Kershaw,99,2018,NL,West,LAD,1,30,26,2.73,5.42,0.643,9,5,14,149,237,1.8,17,4,0.81,4.49,0.637754651,8.9,-0.1,20.4
Clayton Richard,100,2017,NL,West,SDP,0,33,32,4.79,3.58,0.348,8,15,23,197.1,88,4.23,13,19,0.406,4.74,0.466433167,10.7,2.7,14.9
Clayton Richard ,101,2018,NL,West,SDP,0,34,27,5.33,3.96,0.389,7,11,18,158.2,73,4.68,12,15,0.444,4.49,0.38304905,6.9,-0.1,12.3
Cody Reed,102,2016,NL,Central,CIN,0,20,10,7.36,3.73,0,0,7,7,47.2,58,6.06,0,10,0,4.51,0.209767463,1.5,1.5,6.7
Colby Lewis,103,2016,AL,West,TEX,1,36,19,3.71,4.36,0.545,6,5,11,116.1,123,4.81,10,9,0.526,4.51,0.55428442,6.1,0.1,17.7
Cole Hamels,104,2016,AL,West,TEX,1,32,32,3.32,5.27,0.75,15,5,20,200.2,137,3.98,24,8,0.75,4.51,0.591095821,11.8,-3.2,18.9
Cole Hamels,105,2017,AL,West,TEX,0,33,24,4.2,6.33,0.647,11,6,17,148,115,4.62,13,11,0.542,4.74,0.524434513,8.9,-2.1,16.8
Colin McHugh,106,2016,AL,West,HOU,0,29,33,4.34,4.92,0.565,13,10,23,184.2,90,3.95,21,12,0.636,4.51,0.494819849,11.4,-1.6,15.8
Colin McHugh,107,2017,AL,West,HOU,1,30,12,3.55,4.37,0.714,5,2,7,63.1,115,3.82,7,5,0.583,4.74,0.5883343,4.1,-0.9,18.8
Corey Kluber,108,2016,AL,Central,CLE,1,30,32,3.14,5.32,0.667,18,9,27,215,144,3.26,20,12,0.625,4.51,0.608085698,16.4,-1.6,19.5
Corey Kluber,109,2017,AL,Central,CLE,1,31,29,2.25,5.19,0.818,18,4,22,203.2,202,2.5,20,9,0.69,4.74,0.716133875,15.8,-2.2,22.9
Corey Kluber,110,2018,AL,Central,CLE,1,32,33,2.89,5.12,0.741,20,7,27,215,151,3.12,21,12,0.636,4.49,0.62208046,16.8,-3.2,19.9
Corey Oswalt,111,2018,NL,East,NYM,0,24,12,5.85,4.71,0.5,3,3,6,64.2,65,5.7,4,8,0.333,4.49,0.33210793,2,-1,10.6
Dallas Keuchel,112,2016,AL,West,HOU,0,28,26,4.55,3.55,0.429,9,12,21,168,86,3.87,12,14,0.462,4.51,0.474998325,10,1,15.2
Dallas Keuchel,113,2017,AL,West,HOU,1,29,23,2.9,5.07,0.737,14,5,19,145.2,141,3.79,16,7,0.696,4.74,0.652234088,12.4,-1.6,20.9
Dallas Keuchel,114,2018,AL,West,HOU,1,30,34,3.74,4.4,0.522,12,11,23,204.2,109,3.69,19,15,0.559,4.49,0.538811321,12.4,0.4,17.2
Dan Straily,115,2017,NL,East,MIA,0,28,33,4.26,4.34,0.526,10,9,19,122.1,91,5.11,10,13,0.435,4.74,0.518536071,9.9,-0.1,16.6
Dan Straily,116,2018,NL,East,MIA,0,29,23,4.12,3.92,0.455,5,6,11,181.2,93,4.58,16,17,0.485,4.49,0.501585118,5.5,0.5,16.1
Dan Straily,117,2016,NL,Central,CIN,0,27,31,3.76,5.27,0.636,14,8,22,191.1,113,4.88,20,11,0.645,4.51,0.549565009,12.1,-1.9,17.6
Daniel Gossett,118,2017,AL,West,OAK,0,24,18,6.11,4.19,0.267,4,11,15,91.1,68,5.59,6,12,0.333,4.74,0.336667445,5.1,1.1,10.8
Daniel Mengden,119,2016,AL,West,OAK,0,23,14,6.5,4.46,0.182,2,9,11,72,63,4.34,3,11,0.214,4.51,0.290941321,3.2,1.2,9.3
Daniel Mengden,120,2018,AL,West,OAK,2,25,17,4.05,5.42,0.538,7,6,13,115.2,102,4.69,11,6,0.647,4.49,0.508442576,6.6,-0.4,16.3
Daniel Norris,121,2016,AL,Central,DET,0,23,13,3.38,5.3,0.667,4,2,6,69.1,127,3.92,8,5,0.615,4.51,0.585432528,3.5,-0.5,18.7
Daniel Norris,122,2017,AL,Central,DET,0,24,18,5.31,5.17,0.385,5,8,13,101.2,84,4.39,8,10,0.444,4.74,0.415313337,5.4,0.4,13.3
Danny Duffy,123,2016,AL,Central,KCR,0,27,26,3.51,4.7,0.8,12,3,15,179.2,123,3.83,17,9,0.654,4.51,0.573162061,8.6,-3.4,18.3
Danny Duffy,124,2017,AL,Central,KCR,0,28,24,3.81,3.98,0.474,9,10,19,146.1,117,3.46,11,13,0.458,4.74,0.562774385,10.7,1.7,18
Danny Duffy,125,2018,AL,Central,KCR,0,29,28,4.88,4.19,0.4,8,12,20,155,89,4.7,10,18,0.357,4.49,0.427132711,8.5,0.5,13.7
Danny Salazar,126,2016,AL,Central,CLE,1,26,25,3.87,5.53,0.647,11,6,17,137.1,117,3.74,16,9,0.64,4.51,0.539182306,9.2,-1.8,17.3
Danny Salazar,127,2017,AL,Central,CLE,1,27,19,4.28,4.42,0.455,5,6,11,103,107,3.48,10,9,0.526,4.74,0.516569924,5.7,0.7,16.5
David Hess,128,2018,AL,East,BAL,0,24,19,4.88,3.11,0.231,3,10,13,103.1,88,5.8,4,15,0.211,4.49,0.427132711,5.6,2.6,13.7
David Price,129,2016,AL,East,BOS,1,30,35,3.99,5.86,0.654,17,9,26,230,112,3.6,20,15,0.571,4.51,0.527855722,13.7,-3.3,16.9
David Price,130,2017,AL,East,BOS,1,31,11,3.38,4.44,0.667,6,3,9,74.2,135,3.64,6,5,0.545,4.74,0.605046553,5.4,-0.6,19.4
David Price,131,2018,AL,East,BOS,1,32,30,3.58,5.47,0.696,16,7,23,176,123,4.02,22,8,0.733,4.49,0.554485512,12.8,-3.2,17.7
Dereck Rodriguez ,132,2018,NL,West,SFG,0,26,19,2.81,3.84,0.6,6,4,10,118.1,137,3.74,9,10,0.474,4.49,0.629917555,6.3,0.3,20.2
Derek Holland,133,2016,AL,West,TEX,1,29,20,4.95,4.94,0.438,7,9,16,107.1,92,4.75,10,10,0.5,4.51,0.437243042,7,0,14
Derek Holland,134,2017,AL,Central,CWS,0,30,26,6.2,4.81,0.333,7,14,21,135,69,6.45,8,18,0.308,4.74,0.327819782,6.9,-0.1,10.5
Derek Holland ,135,2018,NL,West,SFG,0,31,30,3.57,3.67,0.438,7,9,16,171.1,107,3.87,15,15,0.5,4.49,0.555465149,8.9,1.9,17.8
Dillon Gee,136,2016,AL,Central,KCR,0,30,14,4.68,4.54,0.471,8,9,17,125,92,5.25,5,9,0.357,4.51,0.462727858,7.9,-0.1,14.8
Dinelson Lamet ,137,2017,NL,West,SDP,0,24,21,4.57,3.9,0.467,7,8,15,114.1,93,4.35,9,12,0.429,4.74,0.488060788,7.3,0.3,15.6
Domingo German,138,2018,AL,East,NYY,1,25,14,5.57,4.92,0.25,2,6,8,85.2,76,4.39,8,6,0.571,4.49,0.359537764,2.9,0.9,11.5
Doug Fister,139,2016,AL,West,HOU,0,32,32,4.64,4.48,0.48,12,13,25,180.1,84,4.75,16,16,0.5,4.51,0.466503387,11.7,-0.3,14.9
Doug Fister,140,2018,AL,West,TEX,0,34,12,4.5,3.58,0.125,1,7,8,66,104,5.25,4,8,0.333,4.49,0.464358915,3.7,2.7,14.9
Doug Fister,141,2017,AL,East,BOS,1,33,15,4.88,4.76,0.357,5,9,14,90.1,94,3.98,8,7,0.533,4.74,0.457585505,6.4,1.4,14.6
Drew Pomeranz,142,2017,AL,East,BOS,1,28,32,3.32,5.51,0.739,17,6,23,173.2,137,3.84,22,10,0.688,4.74,0.610944995,14.1,-2.9,19.6
Drew Pomeranz,143,2018,AL,East,BOS,1,29,11,6.08,4.87,0.25,2,6,8,74,73,5.43,5,6,0.455,4.49,0.30957628,2.5,0.5,9.9
Drew Smyly,144,2016,AL,East,TBR,0,27,30,4.88,4.36,0.368,7,12,19,175.1,82,4.49,13,17,0.433,4.51,0.443850217,8.4,1.4,14.2
Dylan Bundy,145,2016,AL,East,BAL,2,23,14,4.02,4.73,0.625,10,6,16,109.2,107,4.7,8,6,0.571,4.51,0.525024075,8.4,-1.6,16.8
Dylan Bundy,146,2017,AL,East,BAL,0,24,28,4.24,5.19,0.591,13,9,22,169.2,102,4.38,16,12,0.571,4.74,0.520502218,11.5,-1.5,16.7
Dylan Bundy,147,2018,AL,East,BAL,0,25,31,5.45,4.55,0.333,8,16,24,171.2,78,5.17,9,22,0.29,4.49,0.371293407,8.9,0.9,11.9
Dylan Covey,148,2017,AL,Central,CWS,0,25,12,7.71,3.59,0,0,7,7,70,56,7.2,4,8,0.333,4.74,0.17937566,1.3,1.3,5.7
Dylan Covey,149,2018,AL,Central,CWS,0,26,21,5.18,3.87,0.263,5,14,19,121.2,83,4.39,5,16,0.238,4.49,0.397743604,7.6,2.6,12.7
Edinson Volquez,150,2017,NL,East,MIA,0,33,17,4.19,3.75,0.333,4,8,12,92.1,95,4.35,7,10,0.412,4.74,0.525417587,6.3,2.3,16.8
Edinson Volquez,151,2016,AL,Central,KCR,0,32,34,5.37,4.4,0.476,10,11,21,189.1,80,4.57,17,17,0.5,4.51,0.397599995,8.3,-1.7,12.7
Eduardo Rodriguez,152,2016,AL,East,BOS,1,23,20,4.71,4.04,0.3,3,7,10,107,95,4.43,8,12,0.4,4.51,0.459896212,4.6,1.6,14.7
Eduardo Rodriguez,153,2017,AL,East,BOS,1,24,24,4.19,4.16,0.462,6,7,13,137.1,109,3.97,13,11,0.542,4.74,0.525417587,6.8,0.8,16.8
Eduardo Rodriguez,154,2018,AL,East,BOS,1,25,23,3.82,5.94,0.722,13,5,18,129.2,116,3.65,19,4,0.826,4.49,0.530974226,9.6,-3.4,17
Edwin Jackson,155,2018,AL,West,OAK,2,34,17,3.33,6.18,0.667,6,3,9,92,124,4.65,14,3,0.824,4.49,0.578976435,5.2,-0.8,18.5
Erasmo Ramirez,156,2018,AL,West,SEA,0,28,10,6.5,4.24,0.333,2,4,6,45.2,64,6.69,6,4,0.6,4.49,0.268431529,1.6,-0.4,8.6
Eric Lauer ,157,2018,NL,West,SDP,0,23,23,4.34,3.25,0.462,6,7,13,112,89,4.51,9,14,0.391,4.49,0.480033106,6.2,0.2,15.4
Eric Skoglund,158,2018,AL,Central,KCR,0,25,13,5.14,3.45,0.143,1,6,7,70,84,5.06,4,9,0.308,4.49,0.401662151,2.8,1.8,12.9
Erick Fedde,159,2018,NL,East,WAS,0,25,11,5.54,4.55,0.333,2,4,6,50.1,76,4.71,3,8,0.273,4.49,0.362476674,2.2,0.2,11.6
Ervin Santana,160,2016,AL,Central,MIN,0,33,30,3.38,3.34,0.389,7,11,18,181.1,125,3.81,8,22,0.267,4.51,0.585432528,10.5,3.5,18.7
Ervin Santana,161,2017,AL,Central,MIN,1,34,33,3.28,4.77,0.667,16,8,24,211.1,135,4.46,19,14,0.576,4.74,0.614877289,14.8,-1.2,19.7
Felix Hernandez,162,2016,AL,West,SEA,0,30,25,3.82,4.29,0.579,11,8,19,153.1,106,4.63,15,10,0.6,4.51,0.543901717,10.3,-0.7,17.4
Felix Hernandez,163,2017,AL,West,SEA,0,31,16,4.36,5.58,0.545,6,5,11,86.2,96,5.02,9,7,0.563,4.74,0.508705335,5.6,-0.4,16.3
Felix Hernandez,164,2018,AL,West,SEA,0,32,28,5.55,3.73,0.364,8,14,22,155.2,74,5.18,11,17,0.393,4.49,0.361497037,8,0,11.6
Felix Pena,165,2018,AL,West,LAA,0,28,17,4.18,3.74,0.375,3,5,8,92.2,101,4.05,8,9,0.471,4.49,0.495707296,4,1,15.9
Fernando Romero,166,2018,AL,Central,MIN,0,23,11,4.69,5.23,0.5,3,3,6,55.2,92,4.35,6,5,0.545,4.49,0.445745813,2.7,-0.3,14.3
Francisco Liriano,167,2018,AL,Central,DET,0,34,26,4.58,4.33,0.294,5,12,17,133.2,96,5.11,9,17,0.346,4.49,0.456521819,7.8,2.8,14.6
Frankie Montas,168,2018,AL,West,OAK,2,25,11,3.88,6.43,0.556,5,4,9,65,106,3.9,7,4,0.636,4.49,0.525096404,4.7,-0.3,16.8
Freddy Peralta ,169,2018,NL,Central,MIL,1,22,14,4.25,5.7,0.6,6,4,10,78.1,97,3.72,9,5,0.643,4.49,0.488849838,4.9,-1.1,15.6
Garrett Richards,170,2018,AL,West,LAA,0,30,16,3.66,5.03,0.556,5,4,9,76.1,115,4.13,9,7,0.563,4.49,0.546648416,4.9,-0.1,17.5
German Marquez ,171,2017,NL,West,COL,2,22,29,4.39,5.06,0.611,11,7,18,196,124,3.4,19,14,0.576,4.74,0.505756114,9.1,-1.9,16.2
German Marquez ,172,2018,NL,West,COL,2,23,33,3.77,5.58,0.56,14,11,25,162,115,4.4,17,12,0.586,4.49,0.53587241,13.4,-0.6,17.1
Gerrit Cole,173,2018,AL,West,HOU,1,27,32,2.88,5.94,0.75,15,5,20,203,100,4.08,17,16,0.515,4.49,0.623060097,12.5,-2.5,19.9
Gerrit Cole,174,2016,NL,Central,PIT,0,25,21,3.88,4.29,0.412,7,10,17,116,107,3.33,8,13,0.381,4.51,0.538238424,9.2,2.2,17.2
Gerrit Cole,175,2017,NL,Central,PIT,0,26,33,4.26,4.24,0.5,12,12,24,200.1,141,2.7,24,8,0.75,4.74,0.518536071,12.4,0.4,16.6
Gio Gonzalez,176,2016,NL,East,WAS,1,30,32,4.57,4.32,0.5,11,11,22,201,152,3.93,18,14,0.563,4.51,0.473110561,10.4,-0.6,15.1
Gio Gonzalez,177,2017,NL,East,WAS,1,31,32,2.96,5,0.625,15,9,24,177.1,93,3.76,14,18,0.438,4.74,0.646335646,15.5,0.5,20.7
Heath Fillmyer,178,2018,AL,Central,KCR,0,24,13,4.26,5.32,0.667,4,2,6,82.1,102,4.75,5,8,0.385,4.49,0.487870201,2.9,-1.1,15.6
Hector Santiago,179,2017,AL,Central,MIN,1,29,14,5.63,4.05,0.333,4,8,12,70.1,79,6.02,5,9,0.357,4.74,0.38385498,4.6,0.6,12.3
Hisashi Iwakuma,180,2016,AL,West,SEA,0,35,33,4.12,5.13,0.571,16,12,28,199,98,4.27,19,14,0.576,4.51,0.515585255,14.4,-1.6,16.5
Homer Bailey,181,2017,NL,Central,CIN,0,31,18,6.43,4.82,0.4,6,9,15,106.1,69,5.55,1,19,0.05,4.74,0.305209088,4.6,-1.4,9.8
Homer Bailey,182,2018,NL,Central,CIN,0,32,20,6.09,2.82,0.067,1,14,15,91,70,4.91,7,11,0.389,4.49,0.308596643,4.6,3.6,9.9
Hyun-Jin Ryu,183,2017,NL,West,LAD,1,30,24,3.77,3.94,0.357,5,9,14,82.1,196,3,10,5,0.667,4.74,0.56670668,7.9,2.9,18.1
Hyun-Jin Ryu,184,2018,NL,West,LAD,1,31,15,1.97,4.98,0.7,7,3,10,126.2,110,4.74,11,13,0.458,4.49,0.712207057,7.1,0.1,22.8
Ian Kennedy,185,2016,AL,Central,KCR,0,31,33,3.68,4.15,0.5,11,11,22,195.2,117,4.67,16,17,0.485,4.51,0.557116066,12.3,1.3,17.8
Ian Kennedy,186,2017,AL,Central,KCR,0,32,30,5.38,4.13,0.278,5,13,18,154,83,5.61,14,16,0.467,4.74,0.408431822,7.4,2.4,13.1
Ian Kennedy,187,2018,AL,Central,KCR,0,33,22,4.66,3.42,0.25,3,9,12,119.2,93,4.61,6,16,0.273,4.49,0.448684724,5.4,2.4,14.4
Ivan Nova,188,2016,NL,Central,PIT,0,29,17,5.07,3.99,0.353,6,11,17,161,94,4.57,15,14,0.517,4.51,0.425916458,7.2,1.2,13.6
Ivan Nova,189,2017,NL,Central,PIT,0,30,31,4.14,3.49,0.44,11,14,25,187,103,4.46,13,18,0.419,4.74,0.530332955,13.3,2.3,17
Ivan Nova,190,2018,NL,Central,PIT,0,31,29,4.19,4.43,0.5,9,9,18,94,80,4.87,14,11,0.56,4.49,0.494727659,8.9,-0.1,15.8
J.A Happ,191,2016,AL,East,TOR,2,33,32,3.18,6.33,0.833,20,4,24,195,134,3.96,24,8,0.75,4.51,0.60431017,14.5,-5.5,19.3
J.A Happ,192,2017,AL,East,TOR,0,34,25,3.53,3.86,0.476,10,11,21,145.1,127,3.76,11,14,0.44,4.74,0.590300448,12.4,2.4,18.9
Jack Flaherty ,193,2018,NL,Central,STL,0,22,28,3.34,4.3,0.471,8,9,17,151,117,3.86,11,17,0.393,4.49,0.577996798,9.8,1.8,18.5
Jacob deGrom,194,2016,NL,East,NYM,0,28,24,3.04,3.53,0.467,7,8,15,217,221,1.99,14,18,0.438,4.51,0.617524519,9.3,2.3,19.8
Jacob deGrom,195,2017,NL,East,NYM,0,29,31,3.53,5.13,0.6,15,10,25,201.1,117,3.5,17,14,0.548,4.74,0.590300448,14.8,-0.2,18.9
Jacob deGrom,196,2018,NL,East,NYM,0,30,32,1.7,3.49,0.526,10,9,19,148,132,3.32,12,12,0.5,4.49,0.738657254,14,4,23.6
Jaime Barria,197,2018,AL,West,LAA,0,21,26,3.41,5.13,0.526,10,9,19,129.1,123,4.58,13,13,0.5,4.49,0.57113934,10.9,0.9,18.3
Jaime Garcia,198,2016,NL,Central,STL,0,29,30,4.67,4.24,0.435,10,13,23,171.2,87,4.49,14,16,0.467,4.51,0.463671741,10.7,0.7,14.8
Jake Arrieta,199,2016,NL,Central,CHC,1,30,31,3.1,5.98,0.692,18,8,26,172.2,104,4.26,14,17,0.452,4.51,0.611861226,15.9,-2.1,19.6
Jake Arrieta,200,2017,NL,Central,CHC,1,31,30,3.53,5.23,0.583,14,10,24,168.1,124,4.16,16,14,0.533,4.74,0.590300448,14.2,0.2,18.9
Jake Arrieta,201,2018,NL,East,PHI,0,32,31,3.96,4.09,0.476,10,11,21,197.1,135,3.52,20,11,0.645,4.49,0.517259309,10.9,0.9,16.6
Jake Farria,202,2017,AL,East,TBR,0,23,14,3.43,4.18,0.556,5,4,9,86.2,123,4.12,9,5,0.643,4.74,0.600131184,5.4,0.4,19.2
Jake Farria,203,2018,AL,East,TBR,0,24,12,5.4,3.74,0.5,4,4,8,65,78,5.08,6,6,0.5,4.49,0.376191591,3,-1,12
Jake Odorizzi,204,2016,AL,East,TBR,0,26,33,3.69,4.32,0.625,10,6,16,187.2,108,4.31,17,16,0.515,4.51,0.556172184,8.9,-1.1,17.8
Jake Odorizzi,205,2017,AL,East,TBR,0,27,28,4.14,4.32,0.556,10,8,18,143.1,102,5.43,13,15,0.464,4.74,0.530332955,9.5,-0.5,17
Jake Odorizzi,206,2018,AL,Central,MIN,0,28,32,4.49,4.11,0.412,7,10,17,164.1,95,4.2,15,17,0.469,4.49,0.465338552,7.9,0.9,14.9
Jake Peavy,207,2016,NL,West,SFG,2,35,21,5.54,4.14,0.357,5,9,14,118.2,73,4.36,11,10,0.524,4.51,0.381554,5.3,0.3,12.2
Jake Thompson,208,2016,NL,East,PHI,0,22,10,5.7,3.83,0.333,3,6,9,53.2,74,6.16,3,7,0.3,4.51,0.366451887,3.3,0.3,11.7
Jakob Junis,209,2017,AL,Central,KCR,0,24,16,4.3,5.77,0.75,9,3,12,98.1,104,4.55,11,5,0.688,4.74,0.514603776,6.2,-2.8,16.5
Jakob Junis,210,2018,AL,Central,KCR,0,25,30,4.37,3.98,0.429,9,12,21,177,99,4.64,13,17,0.433,4.49,0.477094195,10,1,15.3
James Paxton,211,2016,AL,West,SEA,0,27,20,3.79,4.65,0.462,6,7,13,121,107,2.8,7,13,0.35,4.51,0.546733363,7.1,1.1,17.5
James Paxton,212,2017,AL,West,SEA,0,28,24,2.98,4.84,0.706,12,5,17,136,140,2.61,14,10,0.583,4.74,0.644369499,11,-1,20.6
James Paxton,213,2018,AL,West,SEA,0,29,28,3.76,4.04,0.647,11,6,17,160.1,109,3.24,16,12,0.571,4.49,0.536852047,9.1,-1.9,17.2
James Shields,214,2017,AL,Central,CWS,0,35,21,5.23,5.05,0.417,5,7,12,117,82,5.83,9,12,0.429,4.74,0.423177927,5.1,0.1,13.5
James Shields,215,2018,AL,Central,CWS,0,36,33,4.53,4.23,0.304,7,16,23,204.2,94,5.09,13,20,0.394,4.49,0.461420004,10.6,3.6,14.8
Jameson Taillon,216,2016,NL,Central,PIT,0,24,18,3.38,5.14,0.556,5,4,9,104,123,3.71,13,5,0.722,4.51,0.585432528,5.3,0.3,18.7
Jameson Taillon ,217,2017,NL,Central,PIT,0,25,25,4.44,3.8,0.533,8,7,15,191,121,3.46,20,12,0.625,4.74,0.500840745,7.5,-0.5,16
Jameson Taillon ,218,2018,NL,Central,PIT,0,26,32,3.2,4.5,0.583,14,10,24,133.2,96,3.48,13,12,0.52,4.49,0.591711715,14.2,0.2,18.9
Jason Hammel,219,2016,NL,Central,CHC,1,33,30,3.83,4.62,0.6,15,10,25,166.2,109,4.48,17,13,0.567,4.51,0.542957835,13.6,-1.4,17.4
Jason Hammel,220,2017,AL,Central,KCR,0,34,32,5.29,4.32,0.381,8,13,21,180.1,85,4.37,11,21,0.344,4.74,0.417279485,8.8,0.8,13.4
Jason Vargas,221,2018,NL,East,NYM,0,35,20,5.77,3.87,0.438,7,9,16,92,65,5.02,8,12,0.4,4.49,0.339945025,5.4,-1.6,10.9
Jason Vargas,222,2017,AL,Central,KCR,0,34,32,4.16,4.48,0.621,18,11,29,179.2,108,4.67,20,12,0.625,4.74,0.528366808,15.3,-2.7,16.9
JC Ramirez,223,2017,AL,West,LAA,0,28,24,4.15,3.92,0.524,11,10,21,147.1,102,4.71,14,10,0.583,4.74,0.529349881,11.1,0.1,16.9
Jeff Hoffman ,224,2017,NL,West,COL,2,24,16,5.89,5.82,0.545,6,5,11,99.1,86,4.8,8,8,0.5,4.74,0.358295065,3.9,-2.1,11.5
Jeff Locke,225,2016,NL,Central,PIT,0,28,19,5.44,4.93,0.529,9,8,17,127.1,76,4.84,9,10,0.474,4.51,0.390992821,6.6,-2.4,12.5
Jeff Samardzija ,226,2016,NL,West,SFG,2,31,32,3.81,3.77,0.522,12,11,23,207.2,96,3.61,13,19,0.406,4.51,0.544845599,12.5,0.5,17.4
Jeff Samardzija ,227,2017,NL,West,SFG,0,32,32,4.42,3.73,0.375,9,15,24,203.1,105,3.85,15,17,0.469,4.74,0.502806893,12.1,3.1,16.1
Jerad Eickhoff,228,2016,NL,East,PHI,0,25,24,4.71,3.7,0.333,4,8,12,128,91,4.3,8,16,0.333,4.51,0.459896212,5.5,1.5,14.7
Jerad Eickhoff,229,2017,NL,East,PHI,0,26,24,4.71,3.85,0.333,4,8,12,128,91,4.3,16,17,0.485,4.74,0.474297757,5.7,1.7,15.2
Jered Weaver,230,2016,AL,West,LAA,0,33,31,5.06,4.46,0.5,12,12,24,178,79,5.62,16,15,0.516,4.51,0.42686034,10.2,-1.8,13.7
Jeremy Hellickson,231,2018,NL,East,WAS,0,31,22,3.74,4.36,0.588,10,7,17,130,112,3.62,11,8,0.579,4.49,0.538811321,9.2,-0.8,17.2
Jeremy Hellickson,232,2016,NL,East,PHI,0,29,32,3.71,3.77,0.545,12,10,22,164,80,5.77,14,16,0.467,4.51,0.55428442,12.2,0.2,17.7
Jeremy Hellickson,233,2017,NL,East,PHI,0,30,30,5.43,4.75,0.421,8,11,19,189,113,3.98,17,15,0.531,4.74,0.403516454,7.7,-0.3,12.9
Jesse Chavez,234,2017,AL,West,LAA,0,33,21,5.35,4.64,0.389,7,11,18,138,80,5.09,8,13,0.381,4.74,0.411381043,7.4,0.4,13.2
Jesse Hahn,235,2017,AL,West,OAK,0,27,13,5.3,4.67,0.333,3,6,9,69.2,79,3.62,4,9,0.308,4.74,0.416296411,3.7,0.7,13.3
Jharel Cotton,236,2017,AL,West,OAK,0,25,24,5.58,4.03,0.474,9,10,19,129,75,5.68,11,13,0.458,4.74,0.388770349,7.4,-1.6,12.4
Jhoulys Chacin,237,2018,NL,Central,MIL,1,30,35,3.5,4.6,0.652,15,8,23,192.2,118,4.03,23,12,0.657,4.49,0.562322607,12.9,-2.1,18
Jhoulys Chacin,238,2017,NL,West,SDP,0,29,32,3.89,3.72,0.565,13,10,23,180.1,108,4.26,18,14,0.563,4.74,0.554909796,12.8,-0.2,17.8
Jimmy Nelson,239,2016,NL,Central,MIL,0,27,32,4.62,3.82,0.333,8,16,24,179.1,92,5.12,12,20,0.375,4.51,0.468391151,11.2,3.2,15
Jimmy Nelson ,240,2017,NL,Central,MIL,0,28,29,3.49,4.34,0.667,12,6,18,175.1,126,3.05,17,12,0.586,4.74,0.594232742,10.7,-1.3,19
Joe Biagini,241,2017,AL,East,TOR,0,27,18,5.34,2.41,0.188,3,13,16,119.2,84,4.27,5,13,0.278,4.74,0.412364116,6.6,3.6,13.2
Joe Musgrove,242,2016,AL,West,HOU,0,23,10,4.06,3.8,0.5,4,4,8,62,97,4.18,5,5,0.5,4.51,0.521248547,4.2,0.2,16.7
Joe Musgrove,243,2017,AL,West,HOU,1,24,15,4.77,4.16,0.467,7,8,15,109.1,86,4.38,6,9,0.4,4.74,0.468399315,7,0,15
Joe Musgrove ,244,2018,NL,Central,PIT,0,25,19,4.06,4,0.4,6,9,15,115.1,96,3.59,8,11,0.421,4.49,0.507462939,7.6,1.6,16.2
Joe Ross,245,2016,NL,East,WAS,1,23,19,3.43,4.94,0.583,7,5,12,73.2,90,4.99,9,4,0.692,4.51,0.580713118,7,0,18.6
Joe Ross,246,2017,NL,East,WAS,1,24,13,5.01,10.55,0.625,5,3,8,105,125,3.49,12,7,0.632,4.74,0.444805547,3.6,-1.4,14.2
Joey Lucchesi ,247,2018,NL,West,SDP,0,25,26,4.08,4.37,0.471,8,9,17,130,95,4.31,11,15,0.423,4.49,0.505503666,8.6,0.6,16.2
John Lackey,248,2016,NL,Central,CHC,1,37,29,3.35,4.77,0.579,11,8,19,170.2,96,5.3,19,11,0.633,4.51,0.588264174,11.2,0.2,18.8
John Lackey,249,2017,NL,Central,CHC,1,38,30,4.59,4.98,0.5,12,12,24,188.1,125,3.81,17,12,0.586,4.74,0.48609464,11.7,-0.3,15.6
Johnny Cueto,250,2016,NL,West,SFG,2,30,32,2.79,4.82,0.783,18,5,23,147.1,94,4.5,14,11,0.56,4.51,0.64112157,14.7,-3.3,20.5
Johnny Cueto,251,2017,NL,West,SFG,0,31,25,4.52,4.88,0.5,8,8,16,219.2,144,2.95,23,9,0.719,4.74,0.492976156,7.9,-0.1,15.8
Jon Gray,252,2016,NL,West,COL,0,24,29,4.61,5.63,0.5,10,10,20,168,105,3.6,12,17,0.414,4.51,0.469335033,9.4,-0.6,15
Jon Gray ,253,2017,NL,West,COL,2,25,20,3.67,6.1,0.714,10,4,14,172.1,92,4.08,18,13,0.581,4.74,0.576537417,8.1,-1.9,18.4
Jon Gray ,254,2018,NL,West,COL,2,26,31,5.12,5.17,0.571,12,9,21,110.1,138,3.18,13,7,0.65,4.49,0.403621425,8.5,-3.5,12.9
Jon Lester,255,2016,NL,Central,CHC,1,32,32,2.44,5.11,0.792,19,5,24,181.2,125,4.39,24,8,0.75,4.51,0.674157443,16.2,-2.8,21.6
Jon Lester,256,2017,NL,Central,CHC,1,33,32,4.33,6.08,0.619,13,8,21,180.2,101,4.1,19,13,0.594,4.74,0.511654555,10.7,-2.3,16.4
Jon Lester,257,2018,NL,Central,CHC,2,34,32,3.32,5.77,0.75,18,6,24,202.2,171,3.41,24,8,0.75,4.49,0.579956072,13.9,-4.1,18.6
Jonathan Niese,258,2016,NL,Central,PIT,0,29,29,4.13,4.26,0.474,9,10,19,176.2,92,4.41,14,15,0.483,4.51,0.514641373,9.8,0.8,16.5
Jordan Montgomery,259,2017,AL,East,NYY,1,24,29,3.88,5.16,0.563,9,7,16,155.1,116,4.07,13,16,0.448,4.74,0.55589287,8.9,-0.1,17.8
Jordan Zimmermann,260,2016,AL,Central,DET,0,30,18,4.87,5.31,0.563,9,7,16,105.1,88,4.42,10,8,0.556,4.51,0.444794099,7.1,-1.9,14.2
Jordan Zimmermann,261,2017,AL,Central,DET,0,31,29,6.08,4.85,0.381,8,13,21,160,74,5.18,10,19,0.345,4.74,0.339616666,7.1,-0.9,10.9
Jordan Zimmermann,262,2018,AL,Central,DET,0,32,25,4.52,5.04,0.467,7,8,15,131.1,98,4.88,11,14,0.44,4.49,0.462399641,6.9,-0.1,14.8
Jorge De La Rosa,263,2016,NL,West,COL,0,35,24,5.51,6.2,0.471,8,9,17,134,88,5.35,11,13,0.458,4.51,0.384385646,6.5,-1.5,12.3
Jose Berrios,264,2016,AL,Central,MIN,0,22,14,8.02,4.71,0.3,3,7,10,58.1,53,6.2,3,11,0.214,4.51,0.147471246,1.5,-1.5,4.7
Jose Berrios,265,2017,AL,Central,MIN,1,23,25,3.89,4.51,0.636,14,8,22,145.2,114,3.84,14,11,0.56,4.74,0.554909796,12.2,-1.8,17.8
Jose Berrios,266,2018,AL,Central,MIN,0,24,32,3.84,4.09,0.522,12,11,23,192.1,112,3.9,16,16,0.5,4.49,0.529014952,12.2,0.2,16.9
Jose Fernandez,267,2016,NL,East,MIA,0,23,29,2.86,3.77,0.667,16,8,24,182.1,137,2.3,18,11,0.621,4.51,0.634514396,15.2,-0.8,20.3
Jose Quintana,268,2018,NL,Central,CHC,2,29,32,4.03,4.76,0.542,13,11,24,174.1,103,4.43,18,14,0.563,4.49,0.51040185,12.2,-0.8,16.3
Jose Quintana,269,2016,AL,Central,CWS,0,27,32,3.2,3.82,0.52,13,12,25,208,126,3.56,17,15,0.531,4.51,0.602422405,15.1,2.1,19.3
Jose Urena,270,2016,NL,East,MIA,0,24,12,6.13,2.58,0.308,4,9,13,174,94,4.17,12,19,0.387,4.51,0.325864958,4.2,0.2,10.4
Jose Urena,271,2017,NL,East,MIA,0,25,28,3.82,5.51,0.667,14,7,21,169.2,104,5.2,17,11,0.607,4.74,0.561791312,11.8,-2.2,18
Jose Urena,272,2018,NL,East,MIA,0,26,31,3.98,3.91,0.429,9,12,21,83.2,64,4.72,4,8,0.333,4.49,0.515300035,10.8,1.8,16.5
Josh Tomlin,273,2016,AL,Central,CLE,1,31,29,4.4,4.49,0.591,13,9,22,174,103,4.88,19,10,0.655,4.51,0.489156557,10.8,-2.2,15.7
Josh Tomlin,274,2017,AL,Central,CLE,1,32,26,4.98,5.15,0.526,10,9,19,141,92,4.12,13,13,0.5,4.74,0.447754768,8.5,-1.5,14.3
Julio Teheran,275,2016,NL,East,ATL,0,25,30,3.21,3.29,0.412,7,10,17,175.2,104,4.83,18,13,0.581,4.51,0.601478523,10.2,3.2,19.2
Julio Teheran,276,2017,NL,East,ATL,0,26,32,4.49,4.54,0.458,11,13,24,188.1,97,4.95,15,17,0.469,4.74,0.495925377,11.9,0.9,15.9
Julio Teheran,277,2018,NL,East,ATL,1,27,31,3.94,4.6,0.5,9,9,18,188,129,3.69,10,20,0.333,4.49,0.519218583,9.3,0.3,16.6
Julio Urias,278,2016,NL,West,LAD,1,19,15,3.39,4.45,0.714,5,2,7,77,119,3.17,10,5,0.667,4.51,0.584488646,4.1,-0.9,18.7
Junior Guerra,279,2016,NL,Central,MIL,0,31,20,2.81,3.98,0.75,9,3,12,121.2,152,3.7,14,6,0.7,4.51,0.639233806,7.7,-1.3,20.5
Junior Guerra ,280,2017,NL,Central,MIL,0,32,20,2.81,3.98,0.75,9,3,12,70.1,86,6.58,4,10,0.286,4.74,0.661081751,7.9,-1.1,21.2
Junior Guerra ,281,2018,NL,Central,MIL,1,33,14,5.12,4.15,0.2,1,4,5,121.2,152,3.7,14,6,0.7,4.49,0.403621425,2,1,12.9
Justin Nicolino,282,2016,NL,East,MIA,0,24,13,4.99,3.63,0.333,3,6,9,79.1,79,4.39,5,8,0.385,4.51,0.433467514,3.9,0.9,13.9
Justin Verlander,283,2018,AL,West,HOU,1,35,34,2.52,4.36,0.64,16,9,25,214,161,2.78,21,13,0.618,4.49,0.658327026,16.5,0.5,21.1
Justin Verlander,284,2016,AL,Central,DET,0,33,34,3.04,4.05,0.64,16,9,25,227.2,140,3.48,20,14,0.588,4.51,0.617524519,15.4,-0.6,19.8
Kendall Graveman,285,2016,AL,West,OAK,0,25,31,4.11,3.88,0.476,10,11,21,186,99,4.39,14,17,0.452,4.51,0.516529137,10.8,0.8,16.5
Kendall Graveman,286,2017,AL,West,OAK,0,26,19,4.19,4.53,0.6,6,4,10,105.1,100,4.34,9,10,0.474,4.74,0.525417587,5.3,-0.7,16.8
Kenta Maeda,287,2016,NL,West,LAD,1,28,23,2.62,4.74,0.615,8,5,13,125.1,103,3.22,8,12,0.4,4.51,0.657167566,8.5,0.5,21
Kenta Maeda,288,2017,NL,West,LAD,1,29,25,4.22,5.03,0.684,13,6,19,134.1,98,4.07,16,9,0.64,4.74,0.522468366,9.9,-3.1,16.7
Kenta Maeda,289,2018,NL,West,LAD,1,30,20,3.81,3.5,0.444,8,10,18,137.1,150,3.04,14,9,0.609,4.49,0.531953863,9.6,1.6,17
Kevin Gausman,290,2016,AL,East,BAL,2,25,30,3.61,4.31,0.429,9,12,21,179.2,119,4.1,13,18,0.419,4.51,0.56372324,11.8,2.8,18
Kevin Gausman,291,2017,AL,East,BAL,0,26,34,4.68,4.12,0.478,11,12,23,186.2,93,4.48,16,18,0.471,4.74,0.477246978,11,0,15.3
Kyle Freeland,292,2017,NL,West,COL,2,24,28,4.1,4.63,0.5,11,11,22,156,123,4.57,16,12,0.571,4.74,0.53426525,11.8,0.8,17.1
Kyle Freeland ,293,2018,NL,West,COL,2,25,33,2.85,4.46,0.708,17,7,24,202.1,164,3.67,23,10,0.697,4.49,0.625999008,15,-2,20
Kyle Gibson,294,2016,AL,Central,MIN,0,28,25,5.07,4.43,0.353,6,11,17,147.1,83,4.7,12,13,0.48,4.51,0.425916458,7.2,1.2,13.6
Kyle Gibson,295,2017,AL,Central,MIN,1,29,29,5.07,6.67,0.545,12,10,22,158,87,4.85,18,11,0.621,4.74,0.438907105,9.7,-2.3,14
Kyle Gibson,296,2018,AL,Central,MIN,0,30,32,3.62,3.73,0.435,10,13,23,196.2,118,4.13,15,17,0.469,4.49,0.550566964,12.7,2.7,17.6
Kyle Hendricks,297,2016,NL,Central,CHC,1,26,30,2.13,4.84,0.667,16,8,24,199,121,3.78,18,15,0.545,4.51,0.703417787,16.9,0.9,22.5
Kyle Hendricks,298,2018,NL,Central,CHC,2,28,33,3.44,4.74,0.56,14,11,25,190,196,3.2,19,11,0.633,4.49,0.568200429,14.2,0.2,18.2
Kyle Hendricks ,299,2017,NL,Central,CHC,1,27,24,3.03,3.96,0.583,7,5,12,139.2,145,3.88,12,12,0.5,4.74,0.63945413,7.7,0.7,20.5
Lance Lynn,300,2017,NL,Central,STL,0,30,33,3.43,4.26,0.579,11,8,19,186.1,123,4.82,14,19,0.424,4.74,0.600131184,11.4,0.4,19.2
Lance McCullers Jr,301,2016,AL,West,HOU,0,22,14,3.22,3.25,0.545,6,5,11,81,122,3,8,6,0.571,4.51,0.600534641,6.6,0.6,19.2
Lance McCullers Jr,302,2017,AL,West,HOU,1,23,22,4.25,4.9,0.636,7,4,11,118.2,96,3.1,13,9,0.591,4.74,0.519519145,5.7,-1.3,16.6
Lance McCullers Jr,303,2018,AL,West,HOU,1,24,22,3.86,5.72,0.625,10,6,16,128.1,105,3.5,14,8,0.636,4.49,0.527055678,8.4,-1.6,16.9
Logan Verett,304,2016,NL,East,NYM,0,26,12,5.2,4.25,0.273,3,8,11,91.2,77,5.51,3,9,0.25,4.51,0.413645991,4.6,1.6,13.2
Lucas Giolito,305,2018,AL,Central,CWS,0,23,32,6.13,4.24,0.435,10,13,23,173.1,70,5.56,14,18,0.438,4.49,0.304678096,7,-3,9.7
Lucas Sims,306,2017,NL,East,ATL,0,23,10,5.62,4.96,0.333,3,6,9,57.2,78,5.07,3,7,0.3,4.74,0.384838054,3.5,0.5,12.3
Luis Castillo ,307,2017,NL,Central,CIN,0,24,15,3.12,4.33,0.3,3,7,10,169.2,99,4.32,16,15,0.516,4.74,0.630606468,6.3,3.3,20.2
Luis Castillo ,308,2018,NL,Central,CIN,0,25,31,4.3,4.57,0.455,10,12,22,89.1,144,3.74,7,8,0.467,4.49,0.483951653,10.6,0.6,15.5
Luis Perdomo,309,2016,NL,West,SDP,0,23,20,5.71,4.55,0.474,9,10,19,44.2,55,4.26,2,8,0.2,4.51,0.365508005,6.9,-2.1,11.7
Luis Perdomo,310,2018,NL,West,SDP,0,25,10,7.05,3,0.143,1,6,7,146.2,70,4.84,11,9,0.55,4.49,0.214551499,1.5,0.5,6.9
Luis Perdomo ,311,2017,NL,West,SDP,0,24,29,4.67,3.87,0.421,8,11,19,163.2,90,4.4,12,17,0.414,4.74,0.478230051,9.1,1.1,15.3
Luis Severino,312,2016,AL,East,NYY,0,22,11,5.83,2.57,0.273,3,8,11,71,74,4.48,2,9,0.182,4.51,0.35418142,3.9,0.9,11.3
Luis Severino,313,2017,AL,East,NYY,1,23,31,2.98,5.54,0.7,14,6,20,193.1,152,3.08,20,11,0.645,4.74,0.644369499,12.9,-1.1,20.6
Luis Severino,314,2018,AL,East,NYY,1,24,32,3.39,5.84,0.704,9,8,17,191.1,125,2.95,24,8,0.75,4.49,0.573098614,9.7,0.7,18.3
Luke Weaver ,315,2017,NL,Central,STL,0,23,10,3.88,5.76,0.778,7,2,9,136.1,78,4.45,11,14,0.44,4.74,0.55589287,5,-2,17.8
Luke Weaver ,316,2018,NL,Central,STL,0,24,25,4.95,4.32,0.389,7,11,18,60.1,109,3.17,8,2,0.8,4.49,0.420275253,7.6,0.6,13.4
Madison Bumgarner,317,2016,NL,West,SFG,2,26,34,2.74,4.85,0.625,15,9,24,129.2,118,3.99,9,12,0.429,4.51,0.645840981,15.5,0.5,20.7
Madison Bumgarner,318,2017,NL,West,SFG,0,27,17,3.32,2.76,0.308,4,9,13,111,128,3.95,4,13,0.235,4.74,0.610944995,7.9,3.9,19.6
Madison Bumgarner,319,2018,NL,West,SFG,0,28,21,3.26,3.64,0.462,6,7,13,226.2,146,3.24,20,14,0.588,4.49,0.585833894,7.6,1.6,18.7
Marco Estrada,320,2016,AL,East,TOR,2,32,29,3.48,3.95,0.5,9,9,18,176,122,4.15,15,14,0.517,4.51,0.575993707,10.4,1.4,18.4
Marco Estrada,321,2017,AL,East,TOR,0,33,33,4.98,4.24,0.526,10,9,19,186,90,4.61,16,17,0.485,4.74,0.447754768,8.5,-1.5,14.3
Marco Estrada,322,2018,AL,East,TOR,0,34,28,5.64,3.83,0.333,7,14,21,143.2,74,5.44,12,16,0.429,4.49,0.352680305,7.4,0.4,11.3
Marco Gonzales,323,2018,AL,West,SEA,0,26,29,4,4.54,0.591,13,9,22,166.2,103,3.43,16,10,0.615,4.49,0.513340761,11.3,-1.7,16.4
Marcus Stroman,324,2016,AL,East,TOR,2,25,32,4.37,4.17,0.474,9,10,19,204,97,3.71,14,18,0.438,4.51,0.491988203,9.3,0.3,15.7
Marcus Stroman,325,2017,AL,East,TOR,0,26,33,3.09,5.31,0.591,13,9,22,201,145,3.9,19,14,0.576,4.74,0.633555689,13.9,0.9,20.3
Marcus Stroman,326,2018,AL,East,TOR,0,27,19,5.54,3.85,0.308,4,9,13,102.1,76,3.91,8,11,0.421,4.49,0.362476674,4.7,0.7,11.6
Mark Leiter Jr.,327,2017,NL,East,PHI,0,26,11,4.96,4.45,0.333,3,6,9,90.2,87,5.14,5,6,0.455,4.74,0.449720915,4,1,14.4
Martin Perez,328,2016,AL,West,TEX,1,25,32,4.82,4.37,0.52,13,12,25,185,100,4.65,18,15,0.545,4.51,0.449513509,11.2,-1.8,14.4
Martin Perez,329,2017,AL,West,TEX,0,26,32,4.82,5.29,0.52,13,12,25,185,100,4.65,16,16,0.5,4.74,0.463483946,11.6,-1.4,14.8
Martin Perez,330,2018,AL,West,TEX,0,27,15,6.22,4.5,0.222,2,7,9,85.1,76,5.72,4,11,0.267,4.49,0.295861363,2.7,0.7,9.5
Masahiro Tanka,331,2016,AL,East,NYY,0,27,31,3.07,5.05,0.778,14,4,18,199.2,140,3.51,23,8,0.742,4.51,0.614692872,11.1,-2.9,19.7
Masahiro Tanka,332,2017,AL,East,NYY,1,28,30,4.74,5.76,0.52,13,12,25,178.1,95,4.34,16,14,0.533,4.74,0.471348536,11.8,-1.2,15.1
Masahiro Tanka,333,2018,AL,East,NYY,1,29,27,3.75,5.53,0.667,12,6,18,156,113,4.01,16,11,0.593,4.49,0.537831684,9.7,-2.3,17.2
Matt Andriese,334,2016,AL,East,TBR,0,26,19,4.37,3.59,0.5,8,8,16,127.2,92,3.78,8,11,0.421,4.51,0.491988203,7.9,-0.1,15.7
Matt Andriese,335,2017,AL,East,TBR,0,27,17,4.5,4.22,0.5,5,5,10,86,94,4.93,6,11,0.353,4.74,0.494942303,4.9,-0.1,15.8
Matt Cain,336,2016,NL,West,SFG,2,31,17,5.64,4.71,0.333,4,8,12,124.1,79,5.06,8,15,0.348,4.51,0.372115179,4.5,0.5,11.9
Matt Cain,337,2017,NL,West,SFG,0,32,23,5.43,4.01,0.214,3,11,14,89.1,71,5.14,7,10,0.412,4.74,0.403516454,5.6,2.6,12.9
Matt Garza,338,2016,NL,Central,MIL,0,32,19,4.51,4.91,0.429,6,8,14,114.2,89,4.91,9,13,0.409,4.51,0.478773854,6.7,0.7,15.3
Matt Garza,339,2017,NL,Central,MIL,0,33,22,4.94,3.8,0.4,6,9,15,101.2,95,4.33,9,10,0.474,4.74,0.451687063,6.8,0.8,14.5
Matt Harvey,340,2016,NL,East,NYM,0,27,17,4.86,2.78,0.286,4,10,14,92.2,62,6.37,6,12,0.333,4.51,0.445737981,6.2,2.2,14.3
Matt Harvey,341,2017,NL,East,NYM,0,28,18,6.7,5.67,0.417,5,7,12,92.2,83,3.47,6,11,0.353,4.74,0.278666099,3.3,-1.7,8.9
Matt Koch ,342,2018,NL,West,ARI,0,27,14,4.15,4.95,0.5,5,5,10,86.2,101,5.83,8,6,0.571,4.49,0.498646207,5,0,16
Matt Moore,343,2017,NL,West,SFG,0,28,31,5.52,3.67,0.286,6,15,21,174.1,77,4.75,10,21,0.323,4.74,0.394668791,8.3,2.3,12.6
Matt Shoemaker,344,2016,AL,West,LAA,0,29,27,3.88,3.72,0.409,9,13,22,160,103,3.51,11,16,0.407,4.51,0.538238424,11.8,2.8,17.2
Matt Shoemaker,345,2017,AL,West,LAA,0,30,14,4.52,6.24,0.667,6,3,9,77.2,94,5.13,10,4,0.714,4.74,0.492976156,4.4,-1.6,15.8
Matt Wisler,346,2016,NL,East,ATL,0,23,26,5,3.77,0.35,7,13,20,156.2,83,4.85,9,17,0.346,4.51,0.432523632,8.7,1.7,13.8
Matthew Boyd,347,2016,AL,Central,DET,0,25,18,4.53,4.95,0.545,6,5,11,97.1,94,4.75,10,8,0.556,4.51,0.47688609,5.2,-0.8,15.3
Matthew Boyd,348,2017,AL,Central,DET,0,26,25,5.27,4.18,0.353,6,11,17,135,85,4.51,9,16,0.36,4.74,0.419245632,7.1,1.1,13.4
Matthew Boyd,349,2018,AL,Central,DET,0,27,31,4.39,4.36,0.409,9,13,22,170.1,101,4.45,16,15,0.516,4.49,0.475134921,10.5,1.5,15.2
Max Scherzer,350,2016,NL,East,WAS,1,31,34,2.96,4.79,0.741,20,7,27,220.2,166,2.65,22,11,0.667,4.51,0.625075575,16.9,-3.1,20
Max Scherzer,351,2017,NL,East,WAS,1,32,31,2.51,5.07,0.727,16,6,22,200.2,178,2.9,21,10,0.677,4.74,0.69057396,15.2,-0.8,22.1
Max Scherzer,352,2018,NL,East,WAS,0,33,33,2.53,5.42,0.72,18,7,25,228.1,144,3.24,24,10,0.706,4.49,0.657347389,16.4,-1.6,21
Michael Fulmer,353,2016,AL,Central,DET,0,23,26,3.06,5.37,0.611,11,7,18,159,139,3.76,19,7,0.731,4.51,0.615636754,11.1,0.1,19.7
Michael Fulmer,354,2017,AL,Central,DET,0,24,25,3.83,4.95,0.455,10,12,22,164.2,117,3.67,12,13,0.48,4.74,0.560808238,12.3,2.3,17.9
Michael Fulmer,355,2018,AL,Central,DET,0,25,24,4.69,2.57,0.2,3,12,15,132.1,94,4.52,5,19,0.208,4.49,0.445745813,6.7,3.7,14.3
Michael Pineda,356,2016,AL,East,NYY,0,27,32,4.82,4.14,0.333,6,12,18,175.2,89,3.79,15,17,0.469,4.51,0.449513509,8.1,2.1,14.4
Michael Pineda,357,2017,AL,East,NYY,1,28,17,4.39,7.16,0.667,8,4,12,96.1,103,4.66,10,7,0.588,4.74,0.505756114,6.1,-1.9,16.2
Michael Wacha,358,2016,NL,Central,STL,0,25,24,5.09,5.13,0.5,7,7,14,84.1,123,4.22,10,5,0.667,4.51,0.424028693,5.9,-1.1,13.6
Michael Wacha,359,2017,NL,Central,STL,0,26,30,4.13,4.42,0.571,12,9,21,165.2,102,3.63,15,15,0.5,4.74,0.531316029,11.2,-0.8,17
Michael Wacha,360,2018,NL,Central,STL,0,27,15,3.2,5.18,0.8,8,2,10,138,80,3.91,14,10,0.583,4.49,0.591711715,5.9,-2.1,18.9
Miguel Gonzalez,361,2016,AL,Central,CWS,0,32,23,3.73,4.11,0.385,5,8,13,135,109,3.71,11,12,0.478,4.51,0.552396656,7.2,2.2,17.7
Mike Clevinger,362,2016,AL,Central,CLE,1,25,10,5.26,3.97,0.5,3,3,6,53,86,4.86,4,6,0.4,4.51,0.407982698,2.4,-0.6,13.1
Mike Clevinger,363,2017,AL,Central,CLE,1,26,21,3.11,4.5,0.667,12,6,18,121.2,147,3.85,14,7,0.667,4.74,0.631589541,11.4,-0.6,20.2
Mike Clevinger,364,2018,AL,Central,CLE,1,27,32,3.02,5.36,0.619,13,8,21,200,145,3.52,16,16,0.5,4.49,0.60934518,12.8,-0.2,19.5
Mike Fiers,365,2016,AL,West,HOU,0,31,30,4.48,5.8,0.579,11,8,19,168.2,88,4.43,18,12,0.6,4.51,0.4816055,9.2,-1.8,15.4
Mike Fiers,366,2017,AL,West,HOU,1,32,28,5.22,4.67,0.444,8,10,18,153.1,78,5.43,15,13,0.536,4.74,0.424161,7.6,-0.4,13.6
Mike Foltynewicz,367,2016,NL,East,ATL,0,24,22,4.31,5.01,0.643,9,5,14,183,144,3.37,15,16,0.484,4.51,0.497651495,7,-2,15.9
Mike Foltynewicz,368,2017,NL,East,ATL,0,25,28,4.79,4.71,0.435,10,13,23,154,91,4.33,13,15,0.464,4.74,0.466433167,10.7,0.7,14.9
Mike Foltynewicz,369,2018,NL,East,ATL,1,26,31,2.85,4.56,0.565,3,10,13,123.1,96,4.24,11,11,0.5,4.49,0.625999008,8.1,5.1,20
Mike Leake,370,2017,NL,Central,STL,0,29,31,3.92,4.29,0.435,10,13,23,186,108,3.9,14,17,0.452,4.74,0.551960575,12.7,2.7,17.7
Mike Leake,371,2018,AL,West,SEA,0,30,31,4.36,4.81,0.5,10,10,20,185.2,94,4.14,20,11,0.645,4.49,0.478073832,9.6,-0.4,15.3
Mike Leake ,372,2016,NL,Central,STL,0,28,30,4.69,4.47,0.429,9,12,21,176.2,87,3.83,13,17,0.433,4.51,0.461783976,9.7,0.7,14.8
Mike Minor,373,2018,AL,West,TEX,0,30,28,4.18,4.64,0.6,12,8,20,157,112,4.43,14,14,0.5,4.49,0.495707296,9.9,-2.1,15.9
Mike Montgomery,374,2017,NL,Central,CHC,1,28,32,4.15,5.33,0.5,11,11,22,124,104,3.94,10,9,0.526,4.74,0.529349881,11.6,0.6,16.9
Mike Montgomery,375,2018,NL,Central,CHC,2,28,19,3.99,4.1,0.455,5,6,11,188.2,105,3.68,20,12,0.625,4.49,0.514320398,5.7,0.7,16.5
Mike Pelfrey,376,2016,AL,Central,DET,0,32,22,5.07,4.29,0.286,4,10,14,119,84,5.15,10,12,0.455,4.51,0.425916458,6,2,13.6
Mike Pelfrey,377,2017,AL,Central,CWS,0,33,21,5.93,4.06,0.2,3,12,15,120,73,6.35,6,15,0.286,4.74,0.354362771,5.3,2.3,11.3
Mike Wright,378,2016,AL,East,BAL,2,26,12,5.79,6.32,0.429,3,4,7,74.2,75,5.3,7,5,0.583,4.51,0.357956948,2.5,-0.5,11.5
Miles Mikolas,379,2018,NL,Central,STL,0,29,32,2.83,5.57,0.818,18,4,22,200.2,139,3.28,24,8,0.75,4.49,0.627958281,13.8,-4.2,20.1
Nate Karns,380,2016,AL,West,SEA,0,28,15,5.15,5.54,0.75,6,2,8,94.1,79,4.05,9,6,0.6,4.51,0.418365401,3.3,-2.7,13.4
Nathan Eovaldi,381,2016,AL,East,NYY,0,26,21,4.76,5.54,0.529,9,8,17,124.2,90,4.97,11,10,0.524,4.51,0.455176802,7.7,-1.3,14.6
Nick Kingham ,382,2018,NL,Central,PIT,0,25,15,5.21,4.08,0.417,5,7,12,76,76,5.65,6,9,0.4,4.49,0.394804693,4.7,-0.3,12.6
Nick Martinez,383,2017,AL,West,TEX,0,26,18,5.66,3.93,0.273,3,8,11,111.1,85,5.8,7,11,0.389,4.74,0.38090576,4.2,1.2,12.2
Nick Pivetta,384,2017,NL,East,PHI,0,24,26,6.02,4.53,0.444,8,10,18,164,86,3.8,14,18,0.438,4.74,0.345515108,6.2,-1.8,11.1
Nick Pivetta,385,2018,NL,East,PHI,0,25,32,4.77,4.03,0.333,7,14,21,133,72,4.87,11,15,0.423,4.49,0.437908718,9.2,2.2,14
Nick Tropeano,386,2016,AL,West,LAA,0,25,13,3.56,3.91,0.6,3,2,5,68.1,113,5.27,6,7,0.462,4.51,0.568442651,2.8,-0.2,18.2
Nick Tropeano,387,2018,AL,West,LAA,0,27,14,4.74,5.1,0.455,5,6,11,76,89,5.52,7,7,0.5,4.49,0.440847628,4.8,-0.2,14.1
Noah Syndergaard,388,2016,NL,East,NYM,0,23,30,2.6,4.43,0.609,14,9,23,154.1,124,2.8,16,9,0.64,4.51,0.65905533,15.2,1.2,21.1
Noah Syndergaard,389,2018,NL,East,NYM,0,25,25,3.03,4.51,0.765,13,4,17,183.2,155,2.29,19,11,0.633,4.49,0.608365543,10.3,-2.7,19.5
Pablo Lopez,390,2018,NL,East,MIA,0,22,10,4.14,3.03,0.333,2,4,6,58.2,91,4.49,2,8,0.2,4.49,0.499625844,3,1,16
Parker Bridwell,391,2017,AL,West,LAA,0,25,20,3.64,5.12,0.769,10,3,13,121,117,4.84,17,3,0.85,4.74,0.579486638,7.5,-2.5,18.5
Patrick Corbin,392,2016,NL,West,ARI,0,27,24,5.15,4.73,0.278,5,13,18,200,133,2.47,17,16,0.515,4.51,0.418365401,7.5,2.5,13.4
Patrick Corbin,393,2017,NL,West,ARI,2,28,32,4.03,5.44,0.519,14,13,27,189.2,116,4.08,17,15,0.531,4.74,0.541146765,14.6,0.6,17.3
Patrick Corbin,394,2018,NL,West,ARI,0,29,33,3.15,3.79,0.611,11,7,18,155.2,87,4.84,7,17,0.292,4.49,0.5966099,10.7,-0.3,19.1
Paul Blackburn,395,2017,AL,West,OAK,0,23,10,3.22,5.38,0.75,3,1,4,58.2,130,4.39,6,4,0.6,4.74,0.620775731,2.5,-0.5,19.9
R.A Dickey,396,2016,AL,East,TOR,2,41,29,4.46,4,0.4,10,15,25,169.2,96,5.03,12,17,0.414,4.51,0.483493264,12.1,2.1,15.5
R.A.Dickey,397,2017,NL,East,ATL,0,42,31,4.26,4.44,0.5,10,10,20,190,102,4.72,16,15,0.516,4.74,0.518536071,10.4,0.4,16.6
Rafael Montero,398,2017,NL,East,NYM,0,26,18,5.52,4.18,0.313,5,11,16,119,75,4.37,8,10,0.444,4.74,0.394668791,6.3,1.3,12.6
Reynaldo Lopez,399,2018,AL,Central,CWS,0,24,32,3.91,3.66,0.412,7,10,17,188.2,109,4.63,13,19,0.406,4.49,0.522157493,8.9,1.9,16.7
Rich Hill,400,2017,NL,West,LAD,1,37,25,3.32,4.42,0.6,12,8,20,132.2,107,3.97,13,10,0.565,4.74,0.610944995,12.2,0.2,19.6
Rich Hill,401,2018,NL,West,LAD,1,38,24,3.66,5.97,0.688,11,5,16,135.2,125,3.72,15,10,0.6,4.49,0.546648416,8.7,-2.3,17.5
Rick Porcello,402,2016,AL,East,BOS,1,27,33,3.15,6.83,0.846,22,4,26,223,142,3.4,25,8,0.758,4.51,0.607141816,15.8,-6.2,19.4
Rick Porcello,403,2017,AL,East,BOS,1,28,33,4.65,4.42,0.393,11,17,28,203.1,98,4.6,16,17,0.485,4.74,0.480196199,13.4,2.4,15.4
Rick Porcello,404,2018,AL,East,BOS,1,29,33,4.28,5.93,0.708,17,7,24,191.1,103,4.01,22,11,0.667,4.49,0.485910927,11.7,-5.3,15.5
Ricky Nolasco,405,2017,AL,West,LAA,0,34,33,4.92,3.71,0.286,6,15,21,181,86,5.1,10,23,0.303,4.74,0.45365321,9.5,3.5,14.5
Robbie Erlin,406,2018,NL,West,SDP,0,27,12,4.21,3.69,0.364,4,7,11,109,91,3.31,4,8,0.333,4.49,0.492768386,5.4,1.4,15.8
Robbie Ray,407,2016,NL,West,ARI,0,24,32,4.9,4.19,0.348,8,15,23,123.2,107,4.31,11,13,0.458,4.51,0.441962453,10.2,2.2,14.1
Robbie Ray,408,2018,NL,West,ARI,0,26,24,3.93,5.19,0.75,6,2,8,174.1,91,3.76,11,21,0.344,4.49,0.520198219,4.2,-1.8,16.6
Robbie Ray ,409,2017,NL,West,ARI,2,25,28,2.89,6.37,0.75,15,5,20,162,163,3.72,20,8,0.714,4.74,0.653217162,13.1,-1.9,20.9
Robert Gsellman,410,2017,NL,East,NYM,0,23,22,5.19,4.63,0.533,8,7,15,119.2,80,4.89,11,11,0.5,4.74,0.427110221,6.4,-1.6,13.7
Robert Stephenson,411,2017,NL,Central,CIN,0,24,11,4.68,5.59,0.455,5,6,11,84.2,96,4.92,6,5,0.545,4.74,0.477246978,5.2,0.2,15.3
Ross Stripling,412,2016,NL,West,LAD,1,26,14,3.96,3.27,0.357,5,9,14,122,127,3.42,12,9,0.571,4.51,0.530687368,7.4,2.4,17
Ross Stripling,413,2018,NL,West,LAD,1,28,21,3.02,4.11,0.571,8,6,14,100,102,3.9,6,8,0.429,4.49,0.60934518,8.5,0.5,19.5
Rubby De La Rosa,414,2016,NL,West,ARI,0,27,10,4.26,4.7,0.444,4,5,9,50.2,105,4.49,4,6,0.4,4.51,0.502370906,4.5,0.5,16.1
Ryan Borucki,415,2018,AL,East,TOR,0,24,17,3.87,3.94,0.4,4,6,10,97.2,109,3.8,7,10,0.412,4.49,0.526076041,5.3,1.3,16.8
Ryan Vogelsong,416,2016,NL,Central,PIT,0,38,22,4.67,4,0.45,9,11,20,135,82,4.53,4,10,0.286,4.51,0.463671741,9.3,0.3,14.8
Sal Romano ,417,2017,NL,Central,CIN,0,23,16,4.45,4.5,0.385,5,8,13,145.2,79,4.95,13,12,0.52,4.74,0.499857672,6.5,1.5,16
Sal Romano ,418,2018,NL,Central,CIN,0,24,25,5.31,5.05,0.421,8,11,19,87,101,4.24,7,9,0.438,4.49,0.385008324,7.3,-0.7,12.3
Sam Gaviglio,419,2018,AL,East,TOR,0,28,24,5.31,4.13,0.231,3,10,13,123.2,79,4.69,8,16,0.333,4.49,0.385008324,5,2,12.3
Scott Feldman ,420,2017,NL,Central,CIN,0,34,21,4.77,4.16,0.5,7,7,14,111.1,94,5.04,9,12,0.429,4.74,0.468399315,6.6,-0.4,15
Scott Kazmir,421,2016,NL,West,LAD,1,32,26,4.56,5.72,0.625,10,6,16,136.1,88,4.48,15,11,0.577,4.51,0.474054443,7.6,-2.4,15.2
Sean Manaea,422,2016,AL,West,OAK,0,24,24,3.86,4.28,0.438,7,9,16,144.2,106,4.08,11,13,0.458,4.51,0.540126189,8.6,1.6,17.3
Sean Manaea,423,2017,AL,West,OAK,0,25,29,4.37,4.64,0.545,12,10,22,158.2,95,4.1,14,15,0.483,4.74,0.507722261,11.2,-0.8,16.2
Sean Manaea,424,2018,AL,West,OAK,2,26,27,3.59,4.26,0.571,12,9,21,160.2,115,4.26,16,11,0.593,4.49,0.553505875,11.6,-0.4,17.7
Sean Newcomb,425,2017,NL,East,ATL,0,24,19,4.32,3.61,0.308,4,9,13,164,106,4.14,15,15,0.5,4.74,0.512637629,6.7,2.7,16.4
Sean Newcomb,426,2018,NL,East,ATL,1,25,30,3.9,4.7,0.571,12,9,21,100,101,4.19,7,12,0.368,4.49,0.52313713,11,-1,16.7
Seth Lugo,427,2017,NL,East,NYM,0,27,18,4.71,4.84,0.583,7,5,12,101.1,88,3.95,10,8,0.556,4.74,0.474297757,5.7,-1.3,15.2
Shane Bieber,428,2018,AL,Central,CLE,1,23,19,4.55,5.5,0.688,11,5,16,114.2,96,3.23,13,6,0.684,4.49,0.45946073,7.4,-3.6,14.7
Shelby Miller,429,2016,NL,West,ARI,0,25,20,6.15,3.85,0.2,3,12,15,101,73,4.87,6,14,0.3,4.51,0.323977194,4.9,1.9,10.4
Shohei Ohtani,430,2018,AL,West,LAA,0,23,10,3.31,4.59,0.667,4,2,6,51.2,127,3.57,7,3,0.7,4.49,0.580935709,3.5,-0.5,18.6
Sonny Gray,431,2016,AL,West,OAK,0,26,22,5.69,3.76,0.313,5,11,16,117,72,4.67,7,15,0.318,4.51,0.367395769,5.9,0.9,11.8
Sonny Gray,432,2018,AL,East,NYY,1,28,23,4.9,4.67,0.55,11,9,20,130.1,86,4.17,11,12,0.478,4.49,0.425173438,8.5,-2.5,13.6
Stephen Strasburg,433,2016,NL,East,WAS,1,27,24,3.6,6.44,0.789,15,4,19,130,112,3.62,13,9,0.591,4.51,0.564667122,10.7,-4.3,18.1
Stephen Strasburg,434,2017,NL,East,WAS,1,28,32,2.96,4.83,0.625,15,9,24,201,152,3.93,22,6,0.786,4.74,0.646335646,15.5,0.5,20.7
Stephen Strasburg,435,2018,NL,East,WAS,0,29,22,3.74,5.27,0.588,10,7,17,147.2,119,2.92,19,5,0.792,4.49,0.538811321,9.2,-0.8,17.2
Steven Matz,436,2016,NL,East,NYM,0,25,22,3.4,4.29,0.529,9,8,17,154,95,4.62,15,15,0.5,4.51,0.583544764,9.9,0.9,18.7
Steven Matz,437,2017,NL,East,NYM,0,26,13,6.08,3.65,0.222,2,7,9,66.2,68,5.05,3,10,0.231,4.74,0.339616666,3.1,1.1,10.9
Steven Matz,438,2018,NL,East,NYM,0,27,30,3.97,3.98,0.313,5,11,16,132.1,118,3.39,11,11,0.5,4.49,0.516279672,8.3,3.3,16.5
Steven Wright,439,2016,AL,East,BOS,1,31,24,3.33,6.03,0.684,13,6,19,156.2,134,3.77,15,9,0.625,4.51,0.590151938,11.2,-1.8,18.9
Taijuan Walker,440,2017,NL,West,ARI,2,24,28,3.49,4.69,0.5,9,9,18,157.1,135,4.04,14,14,0.5,4.74,0.594232742,10.7,1.7,19
Taijuan Walker,441,2016,AL,West,SEA,0,23,25,4.22,3.59,0.421,8,11,19,134.1,96,4.99,11,14,0.44,4.51,0.506146434,9.6,1.6,16.2
Tanner Roark,442,2016,NL,East,WAS,1,29,33,2.83,4.07,0.615,16,10,26,180.1,97,4.27,13,17,0.433,4.51,0.637346042,16.6,0.6,20.4
Tanner Roark,443,2017,NL,East,WAS,1,30,30,4.67,4.81,0.542,13,11,24,181.1,96,4.13,16,14,0.533,4.74,0.478230051,11.5,-1.5,15.3
Tanner Roark,444,2018,NL,East,WAS,0,31,30,4.34,4.75,0.375,9,15,24,210,151,3.79,20,13,0.606,4.49,0.480033106,11.5,2.5,15.4
Tim Adleman,445,2016,NL,Central,CIN,0,28,13,4,4.18,0.5,4,4,8,69.2,107,5.3,6,7,0.462,4.51,0.52691184,4.2,0.2,16.9
Tim Adleman ,446,2017,NL,Central,CIN,0,29,20,5.52,5.08,0.313,5,11,16,122.1,81,5.87,8,12,0.4,4.74,0.394668791,6.3,1.3,12.6
Tom Koehler,447,2016,NL,East,MIA,0,30,33,4.33,4.15,0.409,9,13,22,176.2,91,4.6,12,21,0.364,4.51,0.495763731,10.9,1.9,15.9
Tommy Milone,448,2016,AL,Central,MIN,0,29,12,5.71,5.77,0.375,3,5,8,69.1,74,5.54,5,7,0.417,4.51,0.365508005,2.9,-0.1,11.7
Trevor Bauer,449,2016,AL,Central,CLE,1,25,28,4.26,4.45,0.6,12,8,20,190,106,3.99,16,12,0.571,4.51,0.502370906,10,-2,16.1
Trevor Bauer,450,2017,AL,Central,CLE,1,26,31,4.19,5,0.654,17,9,26,176.1,109,3.88,18,13,0.581,4.74,0.525417587,13.7,-3.3,16.8
Trevor Bauer,451,2018,AL,Central,CLE,1,27,27,2.21,4.97,0.667,12,6,18,175.1,198,2.44,16,11,0.593,4.49,0.688695771,12.4,0.4,22
Trevor Cahil,452,2018,AL,West,OAK,2,30,20,3.76,4.97,0.636,7,4,11,110,109,3.54,12,8,0.6,4.49,0.536852047,5.9,-1.1,17.2
Trevor Richards,453,2018,NL,East,MIA,0,25,25,4.42,3.74,0.308,4,9,13,126.1,85,4.05,10,15,0.4,4.49,0.47219601,6.1,2.1,15.1
Trevor Williams ,454,2017,NL,Central,PIT,0,25,25,4.07,4.3,0.438,7,9,16,170.2,125,3.86,16,15,0.516,4.74,0.53721447,8.6,1.6,17.2
Trevor Williams ,455,2018,NL,Central,PIT,0,26,31,3.11,4.18,0.583,14,10,24,150.1,105,4.03,11,14,0.44,4.49,0.600528447,14.4,0.4,19.2
Ty Blach ,456,2017,NL,West,SFG,0,26,24,4.78,4.08,0.4,8,12,20,118.2,89,3.84,6,7,0.462,4.74,0.467416241,9.3,1.3,15
Ty Blach ,457,2018,NL,West,SFG,0,27,13,4.25,3.71,0.462,6,7,13,163.2,89,4.42,9,15,0.375,4.49,0.488849838,6.4,0.4,15.6
Tyler Anderson,458,2016,NL,West,COL,0,26,19,3.54,4.84,0.455,5,6,11,86,105,4.67,7,8,0.467,4.51,0.570330415,6.3,1.3,18.3
Tyler Anderson,459,2017,NL,West,COL,2,27,15,4.81,5.75,0.5,6,6,12,114.1,137,3.59,8,11,0.421,4.74,0.46446702,5.6,-0.4,14.9
Tyler Anderson ,460,2018,NL,West,COL,2,28,32,4.55,4.3,0.438,7,9,16,176,103,4.57,12,20,0.375,4.49,0.45946073,7.4,0.4,14.7
Tyler Chatwood,461,2018,NL,Central,CHC,2,28,20,5.3,5.32,0.4,4,6,10,103.2,79,5.6,11,9,0.55,4.49,0.385987961,3.9,-0.1,12.4
Tyler Chatwood,462,2016,NL,West,COL,0,26,27,3.87,4.41,0.571,12,9,21,147.2,108,4.94,10,15,0.4,4.51,0.539182306,11.3,-0.7,17.3
Tyler Chatwood,463,2017,NL,West,COL,2,27,25,4.69,4.21,0.348,8,15,23,158,125,4.32,15,12,0.556,4.74,0.476263904,11,3,15.2
Tyler Duffey,464,2016,AL,Central,MIN,0,25,26,6.43,5.26,0.429,9,12,21,133,66,4.73,11,15,0.423,4.51,0.297548496,6.2,-2.8,9.5
Tyler Glasnow ,465,2017,NL,Central,PIT,0,23,13,7.69,5.29,0.222,2,7,9,62,56,6.3,5,8,0.385,4.74,0.181341808,1.6,-0.4,5.8
Tyler Mahle ,466,2018,NL,Central,CIN,0,23,23,4.98,4.22,0.438,7,9,16,112,85,5.25,11,12,0.478,4.49,0.417336342,6.7,-0.3,13.4
Tyler Skaggs,467,2016,AL,West,LAA,0,24,10,4.17,4.6,0.429,3,4,7,49.2,97,3.95,3,7,0.3,4.51,0.510865844,3.6,0.6,16.3
Tyler Skaggs,468,2017,AL,West,LAA,0,25,16,4.55,4.49,0.25,2,6,8,85,94,4.56,8,8,0.5,4.74,0.490026935,3.9,1.9,15.7
Tyler Skaggs,469,2018,AL,West,LAA,0,26,24,4.02,4.16,0.444,8,10,18,125.1,104,3.63,12,12,0.5,4.49,0.511381487,9.2,1.2,16.4
Tyler Wilson,470,2016,AL,East,BAL,2,26,13,5.27,5.95,0.4,4,6,10,94,82,4.94,6,7,0.462,4.51,0.407038816,4.1,0.1,13
Ubaldo Jimenez,471,2016,AL,East,BAL,2,32,25,5.44,5.04,0.4,8,12,20,142.1,79,4.43,13,12,0.52,4.51,0.390992821,7.8,-0.2,12.5
Ubaldo Jimenez,472,2017,AL,East,BAL,0,33,25,6.81,5.27,0.353,6,11,17,142.2,64,5.54,12,13,0.48,4.74,0.267852289,4.6,-1.4,8.6
Vance Worley,473,2017,NL,East,MIA,0,29,12,6.91,5.37,0.25,2,6,8,71.2,57,4.9,7,5,0.583,4.74,0.258021553,2.1,0.1,8.3
Vince Velasquez,474,2016,NL,East,PHI,0,24,24,4.12,3.47,0.571,8,6,14,146.2,85,3.75,12,18,0.4,4.51,0.515585255,7.2,-0.8,16.5
Vince Velasquez,475,2017,NL,East,PHI,0,25,15,5.13,3.95,0.222,2,7,9,72,84,5.52,5,10,0.333,4.74,0.433008663,3.9,1.9,13.9
Vince Velasquez,476,2018,NL,East,PHI,0,26,30,4.85,4.21,0.429,9,12,21,131,101,3.96,11,13,0.458,4.49,0.430071622,9,0,13.8
Wade Leblanc,477,2018,AL,West,SEA,0,33,27,3.72,4.1,0.643,9,5,14,162,110,4.28,17,10,0.63,4.49,0.540770595,7.6,-1.4,17.3
Wade Miley,478,2017,AL,East,BAL,0,30,32,5.61,4.52,0.348,8,15,23,157.1,77,5.27,15,17,0.469,4.74,0.385821128,8.9,0.9,12.3
Wade Miley ,479,2018,NL,Central,MIL,1,31,16,2.57,4.87,0.714,5,2,7,80.2,161,3.59,12,4,0.75,4.49,0.653428841,4.6,-0.4,20.9
Walker Buehler ,480,2018,NL,West,LAD,1,23,23,2.62,4.74,0.615,8,5,13,137.1,150,3.04,14,9,0.609,4.49,0.648530657,8.4,0.4,20.8
Wei-Yin Chen,481,2016,NL,East,MIA,0,31,22,4.96,4.78,0.5,5,5,10,133.1,78,4.43,12,14,0.462,4.51,0.43629916,4.4,-0.6,14
Wei-Yin Chen,482,2018,NL,East,MIA,0,33,26,4.79,3.98,0.333,6,12,18,123.1,79,4.5,13,9,0.591,4.49,0.435949444,7.8,1.8,14
William Perez,483,2016,NL,East,ATL,0,25,9,4.88,5.01,0,0,7,7,62.2,85,5.19,6,5,0.545,4.51,0.443850217,3.1,3.1,14.2
Wily Peralta,484,2016,NL,Central,MIL,0,27,23,4.86,4.15,0.389,7,11,18,127.2,88,4.7,9,14,0.391,4.51,0.445737981,8,1,14.3
Yefry Ramirez,485,2018,AL,East,BAL,0,24,12,5.92,3.23,0.111,1,8,9,65.1,72,5.29,3,9,0.25,4.49,0.325250471,2.9,1.9,10.4
Yordano Ventura,486,2016,AL,Central,KCR,0,25,32,4.45,4.44,0.478,11,12,23,186,97,4.59,18,14,0.563,4.51,0.484437146,11.1,0.1,15.5
Yovani Gallardo,487,2017,AL,West,SEA,0,31,22,5.72,4.33,0.333,5,10,15,130.2,73,5.53,8,14,0.364,4.74,0.375007318,5.6,0.6,12
Yovani Gallardo,488,2016,AL,East,BAL,2,30,13,5.27,4.6,0.4,4,6,10,94,82,4.94,12,11,0.522,4.51,0.407038816,4.1,0.1,13
Yu Darvish,489,2016,AL,West,TEX,1,29,17,3.41,4.17,0.583,7,5,12,100.1,134,3.09,10,7,0.588,4.51,0.582600882,7,0,18.6
Zach Davies,490,2016,NL,Central,MIL,0,23,28,3.97,4.54,0.611,11,7,18,163.1,107,3.89,15,13,0.536,4.51,0.529743486,9.5,-1.5,17
Zach Davies ,491,2017,NL,Central,MIL,0,24,33,3.9,5.1,0.654,17,9,26,191.1,112,4.22,20,13,0.606,4.74,0.553926723,14.4,-2.6,17.7
Zach Eflin,492,2016,NL,East,PHI,0,22,11,5.54,4.96,0.375,3,5,8,128,95,3.8,12,12,0.5,4.51,0.381554,3.1,0.1,12.2
Zach Eflin,493,2017,NL,East,PHI,0,23,11,6.16,3.84,0.167,1,5,6,64.1,70,6.1,3,8,0.273,4.74,0.331752077,2,1,10.6
Zach Eflin,494,2018,NL,East,PHI,0,24,24,4.36,5.1,0.579,11,8,19,63.1,76,5.48,5,6,0.455,4.49,0.478073832,9.1,-1.9,15.3
Zack Godley ,495,2017,NL,West,ARI,2,27,25,3.37,4.33,0.471,8,9,17,178.1,89,3.82,17,15,0.531,4.74,0.606029626,10.3,2.3,19.4
Zack Godley ,496,2018,NL,West,ARI,0,28,32,4.74,4.32,0.577,15,11,26,155,139,3.41,14,11,0.56,4.49,0.440847628,11.5,-3.5,14.1
Zack Greinke ,497,2016,NL,West,ARI,0,32,26,4.37,4.47,0.65,13,7,20,207.2,131,3.71,18,15,0.545,4.51,0.491988203,9.8,-3.2,15.7
Zack Greinke ,498,2017,NL,West,ARI,2,33,32,3.2,5.11,0.708,17,7,24,202.1,147,3.31,22,10,0.688,4.74,0.622741878,14.9,-2.1,19.9
Zack Greinke ,499,2018,NL,West,ARI,0,34,33,3.21,4.13,0.577,15,11,26,158.2,102,4.12,16,10,0.615,4.49,0.590732078,15.4,0.4,18.9
Zack Wheeler,500,2017,NL,East,NYM,0,27,17,5.21,4.04,0.3,3,7,10,182.1,114,3.25,15,14,0.517,4.74,0.425144074,4.3,1.3,13.6
Zack Wheeler,501,2018,NL,East,NYM,0,28,29,3.31,4.84,0.632,12,7,19,86.1,79,5.03,7,10,0.412,4.49,0.580935709,11,-1,18.6
